IndicatorCode,Indicator,ValueType,ParentLocationCode,ParentLocation,Location type,SpatialDimValueCode,Location,Period type,Period,IsLatestYear,Dim1 type,Dim1,Dim1ValueCode,Dim2 type,Dim2,Dim2ValueCode,Dim3 type,Dim3,Dim3ValueCode,DataSourceDimValueCode,DataSource,FactValueNumericPrefix,FactValueNumeric,FactValueUoM,FactValueNumericLowPrefix,FactValueNumericLow,FactValueNumericHighPrefix,FactValueNumericHigh,Value,FactValueTranslationID,FactComments,Language,DateModified
GLASSAMC_TC,Total use of antibacterials expressed as DDD per 1000 inhabitants per day,numeric,AFR,Africa,Country,CIV,Cote d'Ivoire,Year,2023,true,,,,,,,,,,,,,10.15,,,,,,10.15,,For antibiotics: only J01 and P01AB reported,EN,2025-09-23T20:30:00.000Z
GLASSAMC_TC,Total use of antibacterials expressed as DDD per 1000 inhabitants per day,numeric,EUR,Europe,Country,UKR,Ukraine,Year,2023,true,,,,,,,,,,,,,10.45,,,,,,10.45,,,EN,2025-09-23T20:30:00.000Z
GLASSAMC_TC,Total use of antibacterials expressed as DDD per 1000 inhabitants per day,numeric,AFR,Africa,Country,ETH,Ethiopia,Year,2023,true,,,,,,,,,,,,,10.92,,,,,,10.92,,For antibiotics: only J01 and P01AB reported,EN,2025-09-23T20:30:00.000Z
GLASSAMC_TC,Total use of antibacterials expressed as DDD per 1000 inhabitants per day,numeric,EUR,Europe,Country,CHE,Switzerland,Year,2023,true,,,,,,,,,,,,,11.17,,,,,,11.17,,,EN,2025-09-23T20:30:00.000Z
GLASSAMC_TC,Total use of antibacterials expressed as DDD per 1000 inhabitants per day,numeric,AFR,Africa,Country,GAB,Gabon,Year,2023,true,,,,,,,,,,,,,11.26,,,,,,11.26,,,EN,2025-09-23T20:30:00.000Z
GLASSAMC_TC,Total use of antibacterials expressed as DDD per 1000 inhabitants per day,numeric,EMR,Eastern Mediterranean,Country,QAT,Qatar,Year,2023,true,,,,,,,,,,,,,11.44,,,,,,11.44,,Data incomplete since not collected from all sources of data,EN,2025-09-23T20:30:00.000Z
GLASSAMC_TC,Total use of antibacterials expressed as DDD per 1000 inhabitants per day,numeric,EUR,Europe,Country,AUT,Austria,Year,2023,true,,,,,,,,,,,,,11.74,,,,,,11.74,,,EN,2025-09-23T20:30:00.000Z
GLASSAMC_TC,Total use of antibacterials expressed as DDD per 1000 inhabitants per day,numeric,EUR,Europe,Country,NOR,Norway,Year,2023,true,,,,,,,,,,,,,11.93,,,,,,11.93,,,EN,2025-09-23T20:30:00.000Z
GLASSAMC_TC,Total use of antibacterials expressed as DDD per 1000 inhabitants per day,numeric,SEAR,South-East Asia,Country,BTN,Bhutan,Year,2023,true,,,,,,,,,,,,,12.15,,,,,,12.15,,For antibiotics: only J01 reported,EN,2025-09-23T20:30:00.000Z
GLASSAMC_TC,Total use of antibacterials expressed as DDD per 1000 inhabitants per day,numeric,EUR,Europe,Country,FIN,Finland,Year,2023,true,,,,,,,,,,,,,12.43,,,,,,12.43,,,EN,2025-09-23T20:30:00.000Z
GLASSAMC_TC,Total use of antibacterials expressed as DDD per 1000 inhabitants per day,numeric,AFR,Africa,Country,SEN,Senegal,Year,2023,true,,,,,,,,,,,,,12.84,,,,,,12.84,,For antibiotics: only J01 reported,EN,2025-09-23T20:30:00.000Z
GLASSAMC_TC,Total use of antibacterials expressed as DDD per 1000 inhabitants per day,numeric,EUR,Europe,Country,EST,Estonia,Year,2023,true,,,,,,,,,,,,,12.85,,,,,,12.85,,,EN,2025-09-23T20:30:00.000Z
GLASSAMC_TC,Total use of antibacterials expressed as DDD per 1000 inhabitants per day,numeric,WPR,Western Pacific,Country,PNG,Papua New Guinea,Year,2023,true,,,,,,,,,,,,,13.12,,,,,,13.12,,Only use in the public sector reported,EN,2025-09-23T20:30:00.000Z
GLASSAMC_TC,Total use of antibacterials expressed as DDD per 1000 inhabitants per day,numeric,EUR,Europe,Country,DEU,Germany,Year,2023,true,,,,,,,,,,,,,13.48,,,,,,13.48,,,EN,2025-09-23T20:30:00.000Z
GLASSAMC_TC,Total use of antibacterials expressed as DDD per 1000 inhabitants per day,numeric,EUR,Europe,Country,SVN,Slovenia,Year,2023,true,,,,,,,,,,,,,13.62,,,,,,13.62,,,EN,2025-09-23T20:30:00.000Z
GLASSAMC_TC,Total use of antibacterials expressed as DDD per 1000 inhabitants per day,numeric,EUR,Europe,Country,ARM,Armenia,Year,2023,true,,,,,,,,,,,,,13.88,,,,,,13.88,,,EN,2025-09-23T20:30:00.000Z
GLASSAMC_TC,Total use of antibacterials expressed as DDD per 1000 inhabitants per day,numeric,AMR,Americas,Country,CAN,Canada,Year,2023,true,,,,,,,,,,,,,14.4,,,,,,14.4,,,EN,2025-09-23T20:30:00.000Z
GLASSAMC_TC,Total use of antibacterials expressed as DDD per 1000 inhabitants per day,numeric,EUR,Europe,Country,HUN,Hungary,Year,2023,true,,,,,,,,,,,,,14.67,,,,,,14.67,,,EN,2025-09-23T20:30:00.000Z
GLASSAMC_TC,Total use of antibacterials expressed as DDD per 1000 inhabitants per day,numeric,EUR,Europe,Country,LVA,Latvia,Year,2023,true,,,,,,,,,,,,,15.05,,,,,,15.05,,,EN,2025-09-23T20:30:00.000Z
GLASSAMC_TC,Total use of antibacterials expressed as DDD per 1000 inhabitants per day,numeric,EUR,Europe,Country,DNK,Denmark,Year,2023,true,,,,,,,,,,,,,16.14,,,,,,16.14,,,EN,2025-09-23T20:30:00.000Z
GLASSAMC_TC,Total use of antibacterials expressed as DDD per 1000 inhabitants per day,numeric,EUR,Europe,Country,RUS,Russian Federation,Year,2023,true,,,,,,,,,,,,,16.17,,,,,,16.17,,,EN,2025-09-23T20:30:00.000Z
GLASSAMC_TC,Total use of antibacterials expressed as DDD per 1000 inhabitants per day,numeric,EUR,Europe,Country,GBR,United Kingdom of Great Britain and Northern Ireland,Year,2023,true,,,,,,,,,,,,,17.08,,,,,,17.08,,Only use in the public sector reported,EN,2025-09-23T20:30:00.000Z
GLASSAMC_TC,Total use of antibacterials expressed as DDD per 1000 inhabitants per day,numeric,GLOBAL,Global,Country,HKG,"China, Hong Kong Special Administrative Region",Year,2023,true,,,,,,,,,,,,,17.32,,,,,,17.32,,,EN,2025-09-23T20:30:00.000Z
GLASSAMC_TC,Total use of antibacterials expressed as DDD per 1000 inhabitants per day,numeric,EUR,Europe,Country,ISL,Iceland,Year,2023,true,,,,,,,,,,,,,18.06,,,,,,18.06,,,EN,2025-09-23T20:30:00.000Z
GLASSAMC_TC,Total use of antibacterials expressed as DDD per 1000 inhabitants per day,numeric,WPR,Western Pacific,Country,LAO,Lao People's Democratic Republic,Year,2023,true,,,,,,,,,,,,,18.44,,,,,,18.44,,,EN,2025-09-23T20:30:00.000Z
GLASSAMC_TC,Total use of antibacterials expressed as DDD per 1000 inhabitants per day,numeric,EUR,Europe,Country,TJK,Tajikistan,Year,2023,true,,,,,,,,,,,,,18.67,,,,,,18.67,,,EN,2025-09-23T20:30:00.000Z
GLASSAMC_TC,Total use of antibacterials expressed as DDD per 1000 inhabitants per day,numeric,AFR,Africa,Country,ZAF,South Africa,Year,2023,true,,,,,,,,,,,,,18.87,,,,,,18.87,,Only use in the public sector reported,EN,2025-09-23T20:30:00.000Z
GLASSAMC_TC,Total use of antibacterials expressed as DDD per 1000 inhabitants per day,numeric,EUR,Europe,Country,CZE,Czechia,Year,2023,true,,,,,,,,,,,,,18.91,,,,,,18.91,,,EN,2025-09-23T20:30:00.000Z
GLASSAMC_TC,Total use of antibacterials expressed as DDD per 1000 inhabitants per day,numeric,EUR,Europe,Country,LTU,Lithuania,Year,2023,true,,,,,,,,,,,,,18.92,,,,,,18.92,,,EN,2025-09-23T20:30:00.000Z
GLASSAMC_TC,Total use of antibacterials expressed as DDD per 1000 inhabitants per day,numeric,EUR,Europe,Country,PRT,Portugal,Year,2023,true,,,,,,,,,,,,,19.75,,,,,,19.75,,,EN,2025-09-23T20:30:00.000Z
GLASSAMC_TC,Total use of antibacterials expressed as DDD per 1000 inhabitants per day,numeric,AFR,Africa,Country,BFA,Burkina Faso,Year,2023,true,,,,,,,,,,,,,20.24,,,,,,20.24,,For antibiotics: only J01 and P01AB reported,EN,2025-09-23T20:30:00.000Z
GLASSAMC_TC,Total use of antibacterials expressed as DDD per 1000 inhabitants per day,numeric,EUR,Europe,Country,BLR,Belarus,Year,2023,true,,,,,,,,,,,,,20.42,,,,,,20.42,,,EN,2025-09-23T20:30:00.000Z
GLASSAMC_TC,Total use of antibacterials expressed as DDD per 1000 inhabitants per day,numeric,EUR,Europe,Country,BEL,Belgium,Year,2023,true,,,,,,,,,,,,,20.93,,,,,,20.93,,,EN,2025-09-23T20:30:00.000Z
GLASSAMC_TC,Total use of antibacterials expressed as DDD per 1000 inhabitants per day,numeric,EUR,Europe,Country,HRV,Croatia,Year,2023,true,,,,,,,,,,,,,21.48,,,,,,21.48,,,EN,2025-09-23T20:30:00.000Z
GLASSAMC_TC,Total use of antibacterials expressed as DDD per 1000 inhabitants per day,numeric,AFR,Africa,Country,BEN,Benin,Year,2023,true,,,,,,,,,,,,,22.48,,,,,,22.48,,,EN,2025-09-23T20:30:00.000Z
GLASSAMC_TC,Total use of antibacterials expressed as DDD per 1000 inhabitants per day,numeric,AMR,Americas,Country,COL,Colombia,Year,2023,true,,,,,,,,,,,,,22.68,,,,,,22.68,,,EN,2025-09-23T20:30:00.000Z
GLASSAMC_TC,Total use of antibacterials expressed as DDD per 1000 inhabitants per day,numeric,EUR,Europe,Country,IRL,Ireland,Year,2023,true,,,,,,,,,,,,,22.77,,,,,,22.77,,,EN,2025-09-23T20:30:00.000Z
GLASSAMC_TC,Total use of antibacterials expressed as DDD per 1000 inhabitants per day,numeric,EUR,Europe,Country,POL,Poland,Year,2023,true,,,,,,,,,,,,,23.97,,,,,,23.97,,,EN,2025-09-23T20:30:00.000Z
GLASSAMC_TC,Total use of antibacterials expressed as DDD per 1000 inhabitants per day,numeric,AFR,Africa,Country,ZMB,Zambia,Year,2023,true,,,,,,,,,,,,,24.07,,,,,,24.07,,,EN,2025-09-23T20:30:00.000Z
GLASSAMC_TC,Total use of antibacterials expressed as DDD per 1000 inhabitants per day,numeric,EUR,Europe,Country,GEO,Georgia,Year,2023,true,,,,,,,,,,,,,24.27,,,,,,24.27,,,EN,2025-09-23T20:30:00.000Z
GLASSAMC_TC,Total use of antibacterials expressed as DDD per 1000 inhabitants per day,numeric,EUR,Europe,Country,FRA,France,Year,2023,true,,,,,,,,,,,,,24.28,,,,,,24.28,,For antibiotics: only J01 and P01AB reported,EN,2025-09-23T20:30:00.000Z
GLASSAMC_TC,Total use of antibacterials expressed as DDD per 1000 inhabitants per day,numeric,WPR,Western Pacific,Country,MYS,Malaysia,Year,2023,true,,,,,,,,,,,,,24.49,,,,,,24.49,,For antibiotics: only J01 and P01AB reported,EN,2025-09-23T20:30:00.000Z
GLASSAMC_TC,Total use of antibacterials expressed as DDD per 1000 inhabitants per day,numeric,EUR,Europe,Country,MLT,Malta,Year,2023,true,,,,,,,,,,,,,24.85,,,,,,24.85,,,EN,2025-09-23T20:30:00.000Z
GLASSAMC_TC,Total use of antibacterials expressed as DDD per 1000 inhabitants per day,numeric,EUR,Europe,Country,ITA,Italy,Year,2023,true,,,,,,,,,,,,,25.15,,,,,,25.15,,,EN,2025-09-23T20:30:00.000Z
GLASSAMC_TC,Total use of antibacterials expressed as DDD per 1000 inhabitants per day,numeric,EUR,Europe,Country,ESP,Spain,Year,2023,true,,,,,,,,,,,,,25.39,,,,,,25.39,,,EN,2025-09-23T20:30:00.000Z
GLASSAMC_TC,Total use of antibacterials expressed as DDD per 1000 inhabitants per day,numeric,WPR,Western Pacific,Country,IDN,Indonesia,Year,2023,true,,,,,,,,,,,,,26.16,,,,,,26.16,,,EN,2025-09-23T20:30:00.000Z
GLASSAMC_TC,Total use of antibacterials expressed as DDD per 1000 inhabitants per day,numeric,AFR,Africa,Country,UGA,Uganda,Year,2023,true,,,,,,,,,,,,,26.36,,,,,,26.36,,,EN,2025-09-23T20:30:00.000Z
GLASSAMC_TC,Total use of antibacterials expressed as DDD per 1000 inhabitants per day,numeric,AFR,Africa,Country,TZA,United Republic of Tanzania,Year,2023,true,,,,,,,,,,,,,28.7,,,,,,28.7,,,EN,2025-09-23T20:30:00.000Z
GLASSAMC_TC,Total use of antibacterials expressed as DDD per 1000 inhabitants per day,numeric,EUR,Europe,Country,ROU,Romania,Year,2023,true,,,,,,,,,,,,,28.72,,,,,,28.72,,,EN,2025-09-23T20:30:00.000Z
GLASSAMC_TC,Total use of antibacterials expressed as DDD per 1000 inhabitants per day,numeric,EMR,Eastern Mediterranean,Country,PSE,"occupied Palestinian territory, including east Jerusalem",Year,2023,true,,,,,,,,,,,,,29.12,,,,,,29.12,,For antibiotics: only J01 and P01AB reported,EN,2025-09-23T20:30:00.000Z
GLASSAMC_TC,Total use of antibacterials expressed as DDD per 1000 inhabitants per day,numeric,EMR,Eastern Mediterranean,Country,EGY,Egypt,Year,2023,true,,,,,,,,,,,,,29.32,,,,,,29.32,,,EN,2025-09-23T20:30:00.000Z
GLASSAMC_TC,Total use of antibacterials expressed as DDD per 1000 inhabitants per day,numeric,SEAR,South-East Asia,Country,MDV,Maldives,Year,2023,true,,,,,,,,,,,,,29.79,,,,,,29.79,,,EN,2025-09-23T20:30:00.000Z
GLASSAMC_TC,Total use of antibacterials expressed as DDD per 1000 inhabitants per day,numeric,EUR,Europe,Country,MNE,Montenegro,Year,2023,true,,,,,,,,,,,,,31.68,,,,,,31.68,,,EN,2025-09-23T20:30:00.000Z
GLASSAMC_TC,Total use of antibacterials expressed as DDD per 1000 inhabitants per day,numeric,SEAR,South-East Asia,Country,BGD,Bangladesh,Year,2023,true,,,,,,,,,,,,,32.15,,,,,,32.15,,,EN,2025-09-23T20:30:00.000Z
GLASSAMC_TC,Total use of antibacterials expressed as DDD per 1000 inhabitants per day,numeric,EMR,Eastern Mediterranean,Country,KWT,Kuwait,Year,2023,true,,,,,,,,,,,,,32.51,,,,,,32.51,,,EN,2025-09-23T20:30:00.000Z
GLASSAMC_TC,Total use of antibacterials expressed as DDD per 1000 inhabitants per day,numeric,WPR,Western Pacific,Country,KOR,Republic of Korea,Year,2023,true,,,,,,,,,,,,,33.06,,,,,,33.06,,,EN,2025-09-23T20:30:00.000Z
GLASSAMC_TC,Total use of antibacterials expressed as DDD per 1000 inhabitants per day,numeric,SEAR,South-East Asia,Country,NPL,Nepal,Year,2023,true,,,,,,,,,,,,,33.28,,,,,,33.28,,,EN,2025-09-23T20:30:00.000Z
GLASSAMC_TC,Total use of antibacterials expressed as DDD per 1000 inhabitants per day,numeric,EMR,Eastern Mediterranean,Country,TUN,Tunisia,Year,2023,true,,,,,,,,,,,,,33.55,,,,,,33.55,,For antibiotics: only J01 and P01AB reported,EN,2025-09-23T20:30:00.000Z
GLASSAMC_TC,Total use of antibacterials expressed as DDD per 1000 inhabitants per day,numeric,EMR,Eastern Mediterranean,Country,JOR,Jordan,Year,2023,true,,,,,,,,,,,,,36.3,,,,,,36.3,,,EN,2025-09-23T20:30:00.000Z
GLASSAMC_TC,Total use of antibacterials expressed as DDD per 1000 inhabitants per day,numeric,AMR,Americas,Country,HND,Honduras,Year,2023,true,,,,,,,,,,,,,5.66,,,,,,5.66,,Only use in the public sector reported,EN,2025-09-23T20:30:00.000Z
GLASSAMC_TC,Total use of antibacterials expressed as DDD per 1000 inhabitants per day,numeric,EMR,Eastern Mediterranean,Country,IRN,Iran (Islamic Republic of),Year,2023,true,,,,,,,,,,,,,65.48,,,,,,65.48,,,EN,2025-09-23T20:30:00.000Z
GLASSAMC_TC,Total use of antibacterials expressed as DDD per 1000 inhabitants per day,numeric,EMR,Eastern Mediterranean,Country,OMN,Oman,Year,2023,true,,,,,,,,,,,,,8.56,,,,,,8.56,,Only use in the public sector reported,EN,2025-09-23T20:30:00.000Z
GLASSAMC_TC,Total use of antibacterials expressed as DDD per 1000 inhabitants per day,numeric,EMR,Eastern Mediterranean,Country,SAU,Saudi Arabia,Year,2023,true,,,,,,,,,,,,,9.17,,,,,,9.17,,Only use in the public sector reported,EN,2025-09-23T20:30:00.000Z
GLASSAMC_TC,Total use of antibacterials expressed as DDD per 1000 inhabitants per day,numeric,WPR,Western Pacific,Country,BRN,Brunei Darussalam,Year,2023,true,,,,,,,,,,,,,9.3,,,,,,9.3,,,EN,2025-09-23T20:30:00.000Z
GLASSAMC_TC,Total use of antibacterials expressed as DDD per 1000 inhabitants per day,numeric,WPR,Western Pacific,Country,SGP,Singapore,Year,2023,true,,,,,,,,,,,,,9.5,,,,,,9.5,,Incomplete data - the current source of data is limited as the antimicrobial sales data excludes data on generic drug use,EN,2025-09-23T20:30:00.000Z
GLASSAMC_TC,Total use of antibacterials expressed as DDD per 1000 inhabitants per day,numeric,AMR,Americas,Country,PER,Peru,Year,2022,true,,,,,,,,,,,,,10.12,,,,,,10.12,,,EN,2024-09-17T20:30:00.000Z
GLASSAMC_TC,Total use of antibacterials expressed as DDD per 1000 inhabitants per day,numeric,EUR,Europe,Country,DEU,Germany,Year,2022,false,,,,,,,,,,,,,10.25,,,,,,10.25,,Only use in the community reported,EN,2025-09-23T20:30:00.000Z
GLASSAMC_TC,Total use of antibacterials expressed as DDD per 1000 inhabitants per day,numeric,EMR,Eastern Mediterranean,Country,SAU,Saudi Arabia,Year,2022,false,,,,,,,,,,,,,10.41,,,,,,10.41,,,EN,2024-09-17T20:30:00.000Z
GLASSAMC_TC,Total use of antibacterials expressed as DDD per 1000 inhabitants per day,numeric,EUR,Europe,Country,CHE,Switzerland,Year,2022,false,,,,,,,,,,,,,10.42,,,,,,10.42,,,EN,2024-09-17T20:30:00.000Z
GLASSAMC_TC,Total use of antibacterials expressed as DDD per 1000 inhabitants per day,numeric,EUR,Europe,Country,UKR,Ukraine,Year,2022,false,,,,,,,,,,,,,10.67,,,,,,10.67,,,EN,2025-09-23T20:30:00.000Z
GLASSAMC_TC,Total use of antibacterials expressed as DDD per 1000 inhabitants per day,numeric,EUR,Europe,Country,AUT,Austria,Year,2022,false,,,,,,,,,,,,,10.89,,,,,,10.89,,,EN,2025-09-23T20:30:00.000Z
GLASSAMC_TC,Total use of antibacterials expressed as DDD per 1000 inhabitants per day,numeric,AFR,Africa,Country,ETH,Ethiopia,Year,2022,false,,,,,,,,,,,,,11.32,,,,,,11.32,,For antibiotics: only J01 and P01AB reported,EN,2025-09-23T20:30:00.000Z
GLASSAMC_TC,Total use of antibacterials expressed as DDD per 1000 inhabitants per day,numeric,WPR,Western Pacific,Country,MYS,Malaysia,Year,2022,false,,,,,,,,,,,,,11.42,,,,,,11.42,,For antibiotics: only J01 and P01AB reported,EN,2025-09-23T20:30:00.000Z
GLASSAMC_TC,Total use of antibacterials expressed as DDD per 1000 inhabitants per day,numeric,EUR,Europe,Country,NOR,Norway,Year,2022,false,,,,,,,,,,,,,11.77,,,,,,11.77,,,EN,2025-09-23T20:30:00.000Z
GLASSAMC_TC,Total use of antibacterials expressed as DDD per 1000 inhabitants per day,numeric,EUR,Europe,Country,FIN,Finland,Year,2022,false,,,,,,,,,,,,,11.97,,,,,,11.97,,,EN,2025-09-23T20:30:00.000Z
GLASSAMC_TC,Total use of antibacterials expressed as DDD per 1000 inhabitants per day,numeric,EUR,Europe,Country,EST,Estonia,Year,2022,false,,,,,,,,,,,,,12.41,,,,,,12.41,,,EN,2025-09-23T20:30:00.000Z
GLASSAMC_TC,Total use of antibacterials expressed as DDD per 1000 inhabitants per day,numeric,EUR,Europe,Country,SVN,Slovenia,Year,2022,false,,,,,,,,,,,,,12.59,,,,,,12.59,,,EN,2025-09-23T20:30:00.000Z
GLASSAMC_TC,Total use of antibacterials expressed as DDD per 1000 inhabitants per day,numeric,SEAR,South-East Asia,Country,BTN,Bhutan,Year,2022,false,,,,,,,,,,,,,12.77,,,,,,12.77,,For antibiotics: only J01 reported,EN,2025-09-23T20:30:00.000Z
GLASSAMC_TC,Total use of antibacterials expressed as DDD per 1000 inhabitants per day,numeric,WPR,Western Pacific,Country,PNG,Papua New Guinea,Year,2022,false,,,,,,,,,,,,,13.83,,,,,,13.83,,Only use in the public sector reported,EN,2025-09-23T20:30:00.000Z
GLASSAMC_TC,Total use of antibacterials expressed as DDD per 1000 inhabitants per day,numeric,AFR,Africa,Country,SEN,Senegal,Year,2022,false,,,,,,,,,,,,,13.94,,,,,,13.94,,For antibiotics: only J01 reported,EN,2025-09-23T20:30:00.000Z
GLASSAMC_TC,Total use of antibacterials expressed as DDD per 1000 inhabitants per day,numeric,GLOBAL,Global,Country,HKG,"China, Hong Kong Special Administrative Region",Year,2022,false,,,,,,,,,,,,,14.11,,,,,,14.11,,,EN,2024-09-17T20:30:00.000Z
GLASSAMC_TC,Total use of antibacterials expressed as DDD per 1000 inhabitants per day,numeric,AMR,Americas,Country,CAN,Canada,Year,2022,false,,,,,,,,,,,,,14.79,,,,,,14.79,,,EN,2024-09-17T20:30:00.000Z
GLASSAMC_TC,Total use of antibacterials expressed as DDD per 1000 inhabitants per day,numeric,EUR,Europe,Country,HUN,Hungary,Year,2022,false,,,,,,,,,,,,,14.97,,,,,,14.97,,,EN,2025-09-23T20:30:00.000Z
GLASSAMC_TC,Total use of antibacterials expressed as DDD per 1000 inhabitants per day,numeric,EUR,Europe,Country,LVA,Latvia,Year,2022,false,,,,,,,,,,,,,15.02,,,,,,15.02,,,EN,2025-09-23T20:30:00.000Z
GLASSAMC_TC,Total use of antibacterials expressed as DDD per 1000 inhabitants per day,numeric,EUR,Europe,Country,DNK,Denmark,Year,2022,false,,,,,,,,,,,,,15.13,,,,,,15.13,,,EN,2025-09-23T20:30:00.000Z
GLASSAMC_TC,Total use of antibacterials expressed as DDD per 1000 inhabitants per day,numeric,EUR,Europe,Country,RUS,Russian Federation,Year,2022,false,,,,,,,,,,,,,15.44,,,,,,15.44,,,EN,2024-09-17T20:30:00.000Z
GLASSAMC_TC,Total use of antibacterials expressed as DDD per 1000 inhabitants per day,numeric,EUR,Europe,Country,TJK,Tajikistan,Year,2022,false,,,,,,,,,,,,,16.73,,,,,,16.73,,,EN,2024-09-17T20:30:00.000Z
GLASSAMC_TC,Total use of antibacterials expressed as DDD per 1000 inhabitants per day,numeric,EUR,Europe,Country,BLR,Belarus,Year,2022,false,,,,,,,,,,,,,16.77,,,,,,16.77,,,EN,2024-09-17T20:30:00.000Z
GLASSAMC_TC,Total use of antibacterials expressed as DDD per 1000 inhabitants per day,numeric,EUR,Europe,Country,GBR,United Kingdom of Great Britain and Northern Ireland,Year,2022,false,,,,,,,,,,,,,16.89,,,,,,16.89,,Only use in the public sector reported,EN,2025-09-23T20:30:00.000Z
GLASSAMC_TC,Total use of antibacterials expressed as DDD per 1000 inhabitants per day,numeric,EUR,Europe,Country,CZE,Czechia,Year,2022,false,,,,,,,,,,,,,17.31,,,,,,17.31,,,EN,2025-09-23T20:30:00.000Z
GLASSAMC_TC,Total use of antibacterials expressed as DDD per 1000 inhabitants per day,numeric,EUR,Europe,Country,ISL,Iceland,Year,2022,false,,,,,,,,,,,,,18.02,,,,,,18.02,,,EN,2025-09-23T20:30:00.000Z
GLASSAMC_TC,Total use of antibacterials expressed as DDD per 1000 inhabitants per day,numeric,AMR,Americas,Country,COL,Colombia,Year,2022,false,,,,,,,,,,,,,18.38,,,,,,18.38,,,EN,2025-09-23T20:30:00.000Z
GLASSAMC_TC,Total use of antibacterials expressed as DDD per 1000 inhabitants per day,numeric,EUR,Europe,Country,LTU,Lithuania,Year,2022,false,,,,,,,,,,,,,18.6,,,,,,18.6,,,EN,2025-09-23T20:30:00.000Z
GLASSAMC_TC,Total use of antibacterials expressed as DDD per 1000 inhabitants per day,numeric,AFR,Africa,Country,ZAF,South Africa,Year,2022,false,,,,,,,,,,,,,18.6,,,,,,18.6,,Only use in the public sector reported,EN,2025-09-23T20:30:00.000Z
GLASSAMC_TC,Total use of antibacterials expressed as DDD per 1000 inhabitants per day,numeric,EUR,Europe,Country,PRT,Portugal,Year,2022,false,,,,,,,,,,,,,18.86,,,,,,18.86,,,EN,2025-09-23T20:30:00.000Z
GLASSAMC_TC,Total use of antibacterials expressed as DDD per 1000 inhabitants per day,numeric,AFR,Africa,Country,CIV,Cote d'Ivoire,Year,2022,false,,,,,,,,,,,,,19.67,,,,,,19.67,,For antibiotics: only J01 and P01AB reported,EN,2025-09-23T20:30:00.000Z
GLASSAMC_TC,Total use of antibacterials expressed as DDD per 1000 inhabitants per day,numeric,EUR,Europe,Country,GEO,Georgia,Year,2022,false,,,,,,,,,,,,,19.88,,,,,,19.88,,,EN,2024-09-17T20:30:00.000Z
GLASSAMC_TC,Total use of antibacterials expressed as DDD per 1000 inhabitants per day,numeric,AFR,Africa,Country,BFA,Burkina Faso,Year,2022,false,,,,,,,,,,,,,20.1,,,,,,20.1,,For antibiotics: only J01 and P01AB reported,EN,2025-09-23T20:30:00.000Z
GLASSAMC_TC,Total use of antibacterials expressed as DDD per 1000 inhabitants per day,numeric,EUR,Europe,Country,HRV,Croatia,Year,2022,false,,,,,,,,,,,,,20.42,,,,,,20.42,,,EN,2025-09-23T20:30:00.000Z
GLASSAMC_TC,Total use of antibacterials expressed as DDD per 1000 inhabitants per day,numeric,EUR,Europe,Country,BEL,Belgium,Year,2022,false,,,,,,,,,,,,,20.68,,,,,,20.68,,,EN,2025-09-23T20:30:00.000Z
GLASSAMC_TC,Total use of antibacterials expressed as DDD per 1000 inhabitants per day,numeric,SEAR,South-East Asia,Country,MDV,Maldives,Year,2022,false,,,,,,,,,,,,,20.97,,,,,,20.97,,,EN,2025-09-23T20:30:00.000Z
GLASSAMC_TC,Total use of antibacterials expressed as DDD per 1000 inhabitants per day,numeric,AFR,Africa,Country,UGA,Uganda,Year,2022,false,,,,,,,,,,,,,21.65,,,,,,21.65,,,EN,2024-09-17T20:30:00.000Z
GLASSAMC_TC,Total use of antibacterials expressed as DDD per 1000 inhabitants per day,numeric,AFR,Africa,Country,BEN,Benin,Year,2022,false,,,,,,,,,,,,,21.82,,,,,,21.82,,,EN,2024-09-17T20:30:00.000Z
GLASSAMC_TC,Total use of antibacterials expressed as DDD per 1000 inhabitants per day,numeric,EUR,Europe,Country,IRL,Ireland,Year,2022,false,,,,,,,,,,,,,22.94,,,,,,22.94,,,EN,2025-09-23T20:30:00.000Z
GLASSAMC_TC,Total use of antibacterials expressed as DDD per 1000 inhabitants per day,numeric,EMR,Eastern Mediterranean,Country,KWT,Kuwait,Year,2022,false,,,,,,,,,,,,,23.01,,,,,,23.01,,Only use in the public sector reported,EN,2025-09-23T20:30:00.000Z
GLASSAMC_TC,Total use of antibacterials expressed as DDD per 1000 inhabitants per day,numeric,EUR,Europe,Country,POL,Poland,Year,2022,false,,,,,,,,,,,,,23.77,,,,,,23.77,,,EN,2025-09-23T20:30:00.000Z
GLASSAMC_TC,Total use of antibacterials expressed as DDD per 1000 inhabitants per day,numeric,EUR,Europe,Country,ESP,Spain,Year,2022,false,,,,,,,,,,,,,23.95,,,,,,23.95,,,EN,2025-09-23T20:30:00.000Z
GLASSAMC_TC,Total use of antibacterials expressed as DDD per 1000 inhabitants per day,numeric,EUR,Europe,Country,ITA,Italy,Year,2022,false,,,,,,,,,,,,,24.03,,,,,,24.03,,,EN,2025-09-23T20:30:00.000Z
GLASSAMC_TC,Total use of antibacterials expressed as DDD per 1000 inhabitants per day,numeric,EUR,Europe,Country,FRA,France,Year,2022,false,,,,,,,,,,,,,24.44,,,,,,24.44,,For antibiotics: only J01 and P01AB reported,EN,2025-09-23T20:30:00.000Z
GLASSAMC_TC,Total use of antibacterials expressed as DDD per 1000 inhabitants per day,numeric,EUR,Europe,Country,MLT,Malta,Year,2022,false,,,,,,,,,,,,,25.39,,,,,,25.39,,,EN,2025-09-23T20:30:00.000Z
GLASSAMC_TC,Total use of antibacterials expressed as DDD per 1000 inhabitants per day,numeric,WPR,Western Pacific,Country,KOR,Republic of Korea,Year,2022,false,,,,,,,,,,,,,26.8,,,,,,26.8,,,EN,2025-09-23T20:30:00.000Z
GLASSAMC_TC,Total use of antibacterials expressed as DDD per 1000 inhabitants per day,numeric,EMR,Eastern Mediterranean,Country,TUN,Tunisia,Year,2022,false,,,,,,,,,,,,,27.98,,,,,,27.98,,For antibiotics: only J01 and P01AB reported,EN,2025-09-23T20:30:00.000Z
GLASSAMC_TC,Total use of antibacterials expressed as DDD per 1000 inhabitants per day,numeric,EUR,Europe,Country,ROU,Romania,Year,2022,false,,,,,,,,,,,,,28.67,,,,,,28.67,,,EN,2025-09-23T20:30:00.000Z
GLASSAMC_TC,Total use of antibacterials expressed as DDD per 1000 inhabitants per day,numeric,AMR,Americas,Country,HND,Honduras,Year,2022,false,,,,,,,,,,,,,3.56,,,,,,3.56,,Only use in the public sector reported,EN,2025-09-23T20:30:00.000Z
GLASSAMC_TC,Total use of antibacterials expressed as DDD per 1000 inhabitants per day,numeric,WPR,Western Pacific,Country,LAO,Lao People's Democratic Republic,Year,2022,false,,,,,,,,,,,,,30.03,,,,,,30.03,,,EN,2024-09-17T20:30:00.000Z
GLASSAMC_TC,Total use of antibacterials expressed as DDD per 1000 inhabitants per day,numeric,EMR,Eastern Mediterranean,Country,EGY,Egypt,Year,2022,false,,,,,,,,,,,,,31.02,,,,,,31.02,,,EN,2025-09-23T20:30:00.000Z
GLASSAMC_TC,Total use of antibacterials expressed as DDD per 1000 inhabitants per day,numeric,SEAR,South-East Asia,Country,NPL,Nepal,Year,2022,false,,,,,,,,,,,,,32.28,,,,,,32.28,,,EN,2024-09-17T20:30:00.000Z
GLASSAMC_TC,Total use of antibacterials expressed as DDD per 1000 inhabitants per day,numeric,EUR,Europe,Country,MNE,Montenegro,Year,2022,false,,,,,,,,,,,,,32.63,,,,,,32.63,,,EN,2024-09-17T20:30:00.000Z
GLASSAMC_TC,Total use of antibacterials expressed as DDD per 1000 inhabitants per day,numeric,AFR,Africa,Country,TZA,United Republic of Tanzania,Year,2022,false,,,,,,,,,,,,,33.74,,,,,,33.74,,,EN,2024-09-17T20:30:00.000Z
GLASSAMC_TC,Total use of antibacterials expressed as DDD per 1000 inhabitants per day,numeric,EUR,Europe,Country,CYP,Cyprus,Year,2022,true,,,,,,,,,,,,,34.13,,,,,,34.13,,,EN,2024-09-17T20:30:00.000Z
GLASSAMC_TC,Total use of antibacterials expressed as DDD per 1000 inhabitants per day,numeric,EMR,Eastern Mediterranean,Country,JOR,Jordan,Year,2022,false,,,,,,,,,,,,,34.27,,,,,,34.27,,,EN,2024-09-17T20:30:00.000Z
GLASSAMC_TC,Total use of antibacterials expressed as DDD per 1000 inhabitants per day,numeric,EMR,Eastern Mediterranean,Country,PSE,"occupied Palestinian territory, including east Jerusalem",Year,2022,false,,,,,,,,,,,,,37.87,,,,,,37.87,,For antibiotics: only J01 and P01AB reported,EN,2025-09-23T20:30:00.000Z
GLASSAMC_TC,Total use of antibacterials expressed as DDD per 1000 inhabitants per day,numeric,SEAR,South-East Asia,Country,BGD,Bangladesh,Year,2022,false,,,,,,,,,,,,,48.92,,,,,,48.92,,,EN,2024-09-17T20:30:00.000Z
GLASSAMC_TC,Total use of antibacterials expressed as DDD per 1000 inhabitants per day,numeric,EMR,Eastern Mediterranean,Country,OMN,Oman,Year,2022,false,,,,,,,,,,,,,6.34,,,,,,6.34,,Only use in the public sector reported,EN,2025-09-23T20:30:00.000Z
GLASSAMC_TC,Total use of antibacterials expressed as DDD per 1000 inhabitants per day,numeric,EMR,Eastern Mediterranean,Country,QAT,Qatar,Year,2022,false,,,,,,,,,,,,,6.6,,,,,,6.6,,Data incomplete since not collected from all sources of data,EN,2025-09-23T20:30:00.000Z
GLASSAMC_TC,Total use of antibacterials expressed as DDD per 1000 inhabitants per day,numeric,EMR,Eastern Mediterranean,Country,IRN,Iran (Islamic Republic of),Year,2022,false,,,,,,,,,,,,,67.68,,,,,,67.68,,,EN,2024-09-17T20:30:00.000Z
GLASSAMC_TC,Total use of antibacterials expressed as DDD per 1000 inhabitants per day,numeric,AFR,Africa,Country,MLI,Mali,Year,2022,true,,,,,,,,,,,,,8.42,,,,,,8.42,,For antibiotics: only J01 and P01AB reported,EN,2025-09-23T20:30:00.000Z
GLASSAMC_TC,Total use of antibacterials expressed as DDD per 1000 inhabitants per day,numeric,AFR,Africa,Country,RWA,Rwanda,Year,2022,true,,,,,,,,,,,,,8.66,,,,,,8.66,,Only use in the public sector reported,EN,2025-09-23T20:30:00.000Z
GLASSAMC_TC,Total use of antibacterials expressed as DDD per 1000 inhabitants per day,numeric,EUR,Europe,Country,ARM,Armenia,Year,2022,false,,,,,,,,,,,,,9.65,,,,,,9.65,,,EN,2025-09-23T20:30:00.000Z
GLASSAMC_TC,Total use of antibacterials expressed as DDD per 1000 inhabitants per day,numeric,EUR,Europe,Country,EST,Estonia,Year,2021,false,,,,,,,,,,,,,10.24,,,,,,10.24,,,EN,2025-09-23T20:30:00.000Z
GLASSAMC_TC,Total use of antibacterials expressed as DDD per 1000 inhabitants per day,numeric,EUR,Europe,Country,SVN,Slovenia,Year,2021,false,,,,,,,,,,,,,10.32,,,,,,10.32,,,EN,2025-09-23T20:30:00.000Z
GLASSAMC_TC,Total use of antibacterials expressed as DDD per 1000 inhabitants per day,numeric,EUR,Europe,Country,NOR,Norway,Year,2021,false,,,,,,,,,,,,,10.54,,,,,,10.54,,,EN,2025-09-23T20:30:00.000Z
GLASSAMC_TC,Total use of antibacterials expressed as DDD per 1000 inhabitants per day,numeric,EUR,Europe,Country,FIN,Finland,Year,2021,false,,,,,,,,,,,,,10.79,,,,,,10.79,,,EN,2025-09-23T20:30:00.000Z
GLASSAMC_TC,Total use of antibacterials expressed as DDD per 1000 inhabitants per day,numeric,EUR,Europe,Country,LVA,Latvia,Year,2021,false,,,,,,,,,,,,,11.86,,,,,,11.86,,,EN,2025-09-23T20:30:00.000Z
GLASSAMC_TC,Total use of antibacterials expressed as DDD per 1000 inhabitants per day,numeric,EUR,Europe,Country,HUN,Hungary,Year,2021,false,,,,,,,,,,,,,12.58,,,,,,12.58,,,EN,2025-09-23T20:30:00.000Z
GLASSAMC_TC,Total use of antibacterials expressed as DDD per 1000 inhabitants per day,numeric,AFR,Africa,Country,ETH,Ethiopia,Year,2021,false,,,,,,,,,,,,,12.6,,,,,,12.6,,For antibiotics: only J01 and P01AB reported,EN,2025-09-23T20:30:00.000Z
GLASSAMC_TC,Total use of antibacterials expressed as DDD per 1000 inhabitants per day,numeric,AFR,Africa,Country,SEN,Senegal,Year,2021,false,,,,,,,,,,,,,12.91,,,,,,12.91,,For antibiotics: only J01 reported,EN,2025-09-23T20:30:00.000Z
GLASSAMC_TC,Total use of antibacterials expressed as DDD per 1000 inhabitants per day,numeric,EUR,Europe,Country,UKR,Ukraine,Year,2021,false,,,,,,,,,,,,,13.21,,,,,,13.21,,,EN,2025-09-23T20:30:00.000Z
GLASSAMC_TC,Total use of antibacterials expressed as DDD per 1000 inhabitants per day,numeric,GLOBAL,Global,Country,HKG,"China, Hong Kong Special Administrative Region",Year,2021,false,,,,,,,,,,,,,13.65,,,,,,13.65,,,EN,2024-09-17T20:30:00.000Z
GLASSAMC_TC,Total use of antibacterials expressed as DDD per 1000 inhabitants per day,numeric,EUR,Europe,Country,LTU,Lithuania,Year,2021,false,,,,,,,,,,,,,13.71,,,,,,13.71,,,EN,2025-09-23T20:30:00.000Z
GLASSAMC_TC,Total use of antibacterials expressed as DDD per 1000 inhabitants per day,numeric,EUR,Europe,Country,CZE,Czechia,Year,2021,false,,,,,,,,,,,,,14.06,,,,,,14.06,,,EN,2024-09-17T20:30:00.000Z
GLASSAMC_TC,Total use of antibacterials expressed as DDD per 1000 inhabitants per day,numeric,AFR,Africa,Country,ZAF,South Africa,Year,2021,false,,,,,,,,,,,,,14.36,,,,,,14.36,,Only use in the public sector reported,EN,2025-09-23T20:30:00.000Z
GLASSAMC_TC,Total use of antibacterials expressed as DDD per 1000 inhabitants per day,numeric,EUR,Europe,Country,DNK,Denmark,Year,2021,false,,,,,,,,,,,,,14.44,,,,,,14.44,,,EN,2025-09-23T20:30:00.000Z
GLASSAMC_TC,Total use of antibacterials expressed as DDD per 1000 inhabitants per day,numeric,EUR,Europe,Country,ARM,Armenia,Year,2021,false,,,,,,,,,,,,,14.47,,,,,,14.47,,,EN,2025-09-23T20:30:00.000Z
GLASSAMC_TC,Total use of antibacterials expressed as DDD per 1000 inhabitants per day,numeric,EUR,Europe,Country,PRT,Portugal,Year,2021,false,,,,,,,,,,,,,15.09,,,,,,15.09,,,EN,2025-09-23T20:30:00.000Z
GLASSAMC_TC,Total use of antibacterials expressed as DDD per 1000 inhabitants per day,numeric,EMR,Eastern Mediterranean,Country,SDN,Sudan,Year,2021,true,,,,,,,,,,,,,15.16,,,,,,15.16,,For antibiotics: only J01 reported,EN,2025-09-23T20:30:00.000Z
GLASSAMC_TC,Total use of antibacterials expressed as DDD per 1000 inhabitants per day,numeric,EUR,Europe,Country,GBR,United Kingdom of Great Britain and Northern Ireland,Year,2021,false,,,,,,,,,,,,,15.85,,,,,,15.85,,Only use in the public sector reported,EN,2025-09-23T20:30:00.000Z
GLASSAMC_TC,Total use of antibacterials expressed as DDD per 1000 inhabitants per day,numeric,EUR,Europe,Country,ISL,Iceland,Year,2021,false,,,,,,,,,,,,,16.2,,,,,,16.2,,,EN,2025-09-23T20:30:00.000Z
GLASSAMC_TC,Total use of antibacterials expressed as DDD per 1000 inhabitants per day,numeric,AFR,Africa,Country,CIV,Cote d'Ivoire,Year,2021,false,,,,,,,,,,,,,16.53,,,,,,16.53,,For antibiotics: only J01 and P01AB reported,EN,2025-09-23T20:30:00.000Z
GLASSAMC_TC,Total use of antibacterials expressed as DDD per 1000 inhabitants per day,numeric,EUR,Europe,Country,RUS,Russian Federation,Year,2021,false,,,,,,,,,,,,,16.7,,,,,,16.7,,,EN,2024-09-17T20:30:00.000Z
GLASSAMC_TC,Total use of antibacterials expressed as DDD per 1000 inhabitants per day,numeric,EUR,Europe,Country,MLT,Malta,Year,2021,false,,,,,,,,,,,,,16.84,,,,,,16.84,,,EN,2025-09-23T20:30:00.000Z
GLASSAMC_TC,Total use of antibacterials expressed as DDD per 1000 inhabitants per day,numeric,AFR,Africa,Country,BEN,Benin,Year,2021,false,,,,,,,,,,,,,17.43,,,,,,17.43,,,EN,2024-09-17T20:30:00.000Z
GLASSAMC_TC,Total use of antibacterials expressed as DDD per 1000 inhabitants per day,numeric,EUR,Europe,Country,BEL,Belgium,Year,2021,false,,,,,,,,,,,,,17.62,,,,,,17.62,,,EN,2025-09-23T20:30:00.000Z
GLASSAMC_TC,Total use of antibacterials expressed as DDD per 1000 inhabitants per day,numeric,EUR,Europe,Country,IRL,Ireland,Year,2021,false,,,,,,,,,,,,,17.74,,,,,,17.74,,,EN,2025-09-23T20:30:00.000Z
GLASSAMC_TC,Total use of antibacterials expressed as DDD per 1000 inhabitants per day,numeric,EUR,Europe,Country,HRV,Croatia,Year,2021,false,,,,,,,,,,,,,18.34,,,,,,18.34,,,EN,2025-09-23T20:30:00.000Z
GLASSAMC_TC,Total use of antibacterials expressed as DDD per 1000 inhabitants per day,numeric,AFR,Africa,Country,BFA,Burkina Faso,Year,2021,false,,,,,,,,,,,,,18.45,,,,,,18.45,,For antibiotics: only J01 and P01AB reported,EN,2025-09-23T20:30:00.000Z
GLASSAMC_TC,Total use of antibacterials expressed as DDD per 1000 inhabitants per day,numeric,AFR,Africa,Country,GAB,Gabon,Year,2021,false,,,,,,,,,,,,,18.74,,,,,,18.74,,,EN,2024-09-17T20:30:00.000Z
GLASSAMC_TC,Total use of antibacterials expressed as DDD per 1000 inhabitants per day,numeric,AFR,Africa,Country,KEN,Kenya,Year,2021,true,,,,,,,,,,,,,18.8,,,,,,18.8,,Data incomplete since not collected from all sources of data,EN,2024-09-17T20:30:00.000Z
GLASSAMC_TC,Total use of antibacterials expressed as DDD per 1000 inhabitants per day,numeric,SEAR,South-East Asia,Country,MDV,Maldives,Year,2021,false,,,,,,,,,,,,,19.45,,,,,,19.45,,,EN,2025-09-23T20:30:00.000Z
GLASSAMC_TC,Total use of antibacterials expressed as DDD per 1000 inhabitants per day,numeric,AFR,Africa,Country,UGA,Uganda,Year,2021,false,,,,,,,,,,,,,19.64,,,,,,19.64,,,EN,2024-09-17T20:30:00.000Z
GLASSAMC_TC,Total use of antibacterials expressed as DDD per 1000 inhabitants per day,numeric,EUR,Europe,Country,ITA,Italy,Year,2021,false,,,,,,,,,,,,,19.67,,,,,,19.67,,,EN,2025-09-23T20:30:00.000Z
GLASSAMC_TC,Total use of antibacterials expressed as DDD per 1000 inhabitants per day,numeric,EUR,Europe,Country,BLR,Belarus,Year,2021,false,,,,,,,,,,,,,19.7,,,,,,19.7,,,EN,2024-09-17T20:30:00.000Z
GLASSAMC_TC,Total use of antibacterials expressed as DDD per 1000 inhabitants per day,numeric,EUR,Europe,Country,TJK,Tajikistan,Year,2021,false,,,,,,,,,,,,,20.02,,,,,,20.02,,,EN,2024-09-17T20:30:00.000Z
GLASSAMC_TC,Total use of antibacterials expressed as DDD per 1000 inhabitants per day,numeric,WPR,Western Pacific,Country,KOR,Republic of Korea,Year,2021,false,,,,,,,,,,,,,20.19,,,,,,20.19,,,EN,2024-09-17T20:30:00.000Z
GLASSAMC_TC,Total use of antibacterials expressed as DDD per 1000 inhabitants per day,numeric,AFR,Africa,Country,MLI,Mali,Year,2021,false,,,,,,,,,,,,,20.29,,,,,,20.29,,For antibiotics: only J01 and P01AB reported,EN,2025-09-23T20:30:00.000Z
GLASSAMC_TC,Total use of antibacterials expressed as DDD per 1000 inhabitants per day,numeric,WPR,Western Pacific,Country,LAO,Lao People's Democratic Republic,Year,2021,false,,,,,,,,,,,,,20.41,,,,,,20.41,,For antibiotics: only J01 and P01AB reported,EN,2025-09-23T20:30:00.000Z
GLASSAMC_TC,Total use of antibacterials expressed as DDD per 1000 inhabitants per day,numeric,EUR,Europe,Country,ESP,Spain,Year,2021,false,,,,,,,,,,,,,20.58,,,,,,20.58,,,EN,2025-09-23T20:30:00.000Z
GLASSAMC_TC,Total use of antibacterials expressed as DDD per 1000 inhabitants per day,numeric,EUR,Europe,Country,POL,Poland,Year,2021,false,,,,,,,,,,,,,20.73,,,,,,20.73,,,EN,2025-09-23T20:30:00.000Z
GLASSAMC_TC,Total use of antibacterials expressed as DDD per 1000 inhabitants per day,numeric,EUR,Europe,Country,FRA,France,Year,2021,false,,,,,,,,,,,,,21.67,,,,,,21.67,,For antibiotics: only J01 and P01AB reported,EN,2025-09-23T20:30:00.000Z
GLASSAMC_TC,Total use of antibacterials expressed as DDD per 1000 inhabitants per day,numeric,EMR,Eastern Mediterranean,Country,TUN,Tunisia,Year,2021,false,,,,,,,,,,,,,22.92,,,,,,22.92,,For antibiotics: only J01 and P01AB reported,EN,2025-09-23T20:30:00.000Z
GLASSAMC_TC,Total use of antibacterials expressed as DDD per 1000 inhabitants per day,numeric,EUR,Europe,Country,GEO,Georgia,Year,2021,false,,,,,,,,,,,,,24.85,,,,,,24.85,,,EN,2024-09-17T20:30:00.000Z
GLASSAMC_TC,Total use of antibacterials expressed as DDD per 1000 inhabitants per day,numeric,EUR,Europe,Country,CYP,Cyprus,Year,2021,false,,,,,,,,,,,,,25.59,,,,,,25.59,,,EN,2024-09-17T20:30:00.000Z
GLASSAMC_TC,Total use of antibacterials expressed as DDD per 1000 inhabitants per day,numeric,AMR,Americas,Country,COL,Colombia,Year,2021,false,,,,,,,,,,,,,26.12,,,,,,26.12,,,EN,2024-09-17T20:30:00.000Z
GLASSAMC_TC,Total use of antibacterials expressed as DDD per 1000 inhabitants per day,numeric,EUR,Europe,Country,ROU,Romania,Year,2021,false,,,,,,,,,,,,,26.73,,,,,,26.73,,,EN,2025-09-23T20:30:00.000Z
GLASSAMC_TC,Total use of antibacterials expressed as DDD per 1000 inhabitants per day,numeric,EMR,Eastern Mediterranean,Country,JOR,Jordan,Year,2021,false,,,,,,,,,,,,,27.48,,,,,,27.48,,,EN,2024-09-17T20:30:00.000Z
GLASSAMC_TC,Total use of antibacterials expressed as DDD per 1000 inhabitants per day,numeric,EMR,Eastern Mediterranean,Country,QAT,Qatar,Year,2021,false,,,,,,,,,,,,,3.27,,,,,,3.27,,Incomplete data - collected from a limited proportion of data providers from the public sector,EN,2025-09-23T20:30:00.000Z
GLASSAMC_TC,Total use of antibacterials expressed as DDD per 1000 inhabitants per day,numeric,EMR,Eastern Mediterranean,Country,EGY,Egypt,Year,2021,false,,,,,,,,,,,,,30.51,,,,,,30.51,,,EN,2025-09-23T20:30:00.000Z
GLASSAMC_TC,Total use of antibacterials expressed as DDD per 1000 inhabitants per day,numeric,EUR,Europe,Country,MNE,Montenegro,Year,2021,false,,,,,,,,,,,,,32.19,,,,,,32.19,,,EN,2024-09-17T20:30:00.000Z
GLASSAMC_TC,Total use of antibacterials expressed as DDD per 1000 inhabitants per day,numeric,AFR,Africa,Country,TZA,United Republic of Tanzania,Year,2021,false,,,,,,,,,,,,,35.63,,,,,,35.63,,,EN,2024-09-17T20:30:00.000Z
GLASSAMC_TC,Total use of antibacterials expressed as DDD per 1000 inhabitants per day,numeric,EMR,Eastern Mediterranean,Country,OMN,Oman,Year,2021,false,,,,,,,,,,,,,4.48,,,,,,4.48,,,EN,2024-09-17T20:30:00.000Z
GLASSAMC_TC,Total use of antibacterials expressed as DDD per 1000 inhabitants per day,numeric,AMR,Americas,Country,HND,Honduras,Year,2021,false,,,,,,,,,,,,,4.56,,,,,,4.56,,Only use in the public sector reported,EN,2025-09-23T20:30:00.000Z
GLASSAMC_TC,Total use of antibacterials expressed as DDD per 1000 inhabitants per day,numeric,SEAR,South-East Asia,Country,BGD,Bangladesh,Year,2021,false,,,,,,,,,,,,,55.37,,,,,,55.37,,,EN,2024-09-17T20:30:00.000Z
GLASSAMC_TC,Total use of antibacterials expressed as DDD per 1000 inhabitants per day,numeric,EMR,Eastern Mediterranean,Country,IRN,Iran (Islamic Republic of),Year,2021,false,,,,,,,,,,,,,60.39,,,,,,60.39,,,EN,2024-09-17T20:30:00.000Z
GLASSAMC_TC,Total use of antibacterials expressed as DDD per 1000 inhabitants per day,numeric,SEAR,South-East Asia,Country,NPL,Nepal,Year,2021,false,,,,,,,,,,,,,78.04,,,,,,78.04,,,EN,2024-09-17T20:30:00.000Z
GLASSAMC_TC,Total use of antibacterials expressed as DDD per 1000 inhabitants per day,numeric,EUR,Europe,Country,DEU,Germany,Year,2021,false,,,,,,,,,,,,,8.24,,,,,,8.24,,Only use in the community reported,EN,2025-09-23T20:30:00.000Z
GLASSAMC_TC,Total use of antibacterials expressed as DDD per 1000 inhabitants per day,numeric,AMR,Americas,Country,PER,Peru,Year,2021,false,,,,,,,,,,,,,8.63,,,,,,8.63,,,EN,2025-09-23T20:30:00.000Z
GLASSAMC_TC,Total use of antibacterials expressed as DDD per 1000 inhabitants per day,numeric,EUR,Europe,Country,CHE,Switzerland,Year,2021,false,,,,,,,,,,,,,8.82,,,,,,8.82,,,EN,2024-09-17T20:30:00.000Z
GLASSAMC_TC,Total use of antibacterials expressed as DDD per 1000 inhabitants per day,numeric,EUR,Europe,Country,AUT,Austria,Year,2021,false,,,,,,,,,,,,,9.27,,,,,,9.27,,,EN,2025-09-23T20:30:00.000Z
GLASSAMC_TC,Total use of antibacterials expressed as DDD per 1000 inhabitants per day,numeric,EUR,Europe,Country,SWE,Sweden,Year,2021,true,,,,,,,,,,,,,9.48,,,,,,9.48,,,EN,2024-09-17T20:30:00.000Z
GLASSAMC_TC,Total use of antibacterials expressed as DDD per 1000 inhabitants per day,numeric,SEAR,South-East Asia,Country,BTN,Bhutan,Year,2021,false,,,,,,,,,,,,,9.58,,,,,,9.58,,For antibiotics: only J01 reported,EN,2025-09-23T20:30:00.000Z
GLASSAMC_TC,Total use of antibacterials expressed as DDD per 1000 inhabitants per day,numeric,EUR,Europe,Country,SVN,Slovenia,Year,2020,false,,,,,,,,,,,,,10.33,,,,,,10.33,,,EN,2025-09-23T20:30:00.000Z
GLASSAMC_TC,Total use of antibacterials expressed as DDD per 1000 inhabitants per day,numeric,AFR,Africa,Country,ETH,Ethiopia,Year,2020,false,,,,,,,,,,,,,10.51,,,,,,10.51,,For antibiotics: only J01 and P01AB reported,EN,2025-09-23T20:30:00.000Z
GLASSAMC_TC,Total use of antibacterials expressed as DDD per 1000 inhabitants per day,numeric,EUR,Europe,Country,NOR,Norway,Year,2020,false,,,,,,,,,,,,,10.54,,,,,,10.54,,,EN,2025-09-23T20:30:00.000Z
GLASSAMC_TC,Total use of antibacterials expressed as DDD per 1000 inhabitants per day,numeric,EUR,Europe,Country,EST,Estonia,Year,2020,false,,,,,,,,,,,,,10.64,,,,,,10.64,,,EN,2025-09-23T20:30:00.000Z
GLASSAMC_TC,Total use of antibacterials expressed as DDD per 1000 inhabitants per day,numeric,EUR,Europe,Country,FIN,Finland,Year,2020,false,,,,,,,,,,,,,11.3,,,,,,11.3,,,EN,2025-09-23T20:30:00.000Z
GLASSAMC_TC,Total use of antibacterials expressed as DDD per 1000 inhabitants per day,numeric,AFR,Africa,Country,ZAF,South Africa,Year,2020,false,,,,,,,,,,,,,11.58,,,,,,11.58,,Only use in the public sector reported,EN,2025-09-23T20:30:00.000Z
GLASSAMC_TC,Total use of antibacterials expressed as DDD per 1000 inhabitants per day,numeric,EUR,Europe,Country,HUN,Hungary,Year,2020,false,,,,,,,,,,,,,11.85,,,,,,11.85,,,EN,2025-09-23T20:30:00.000Z
GLASSAMC_TC,Total use of antibacterials expressed as DDD per 1000 inhabitants per day,numeric,EUR,Europe,Country,LVA,Latvia,Year,2020,false,,,,,,,,,,,,,12.12,,,,,,12.12,,,EN,2025-09-23T20:30:00.000Z
GLASSAMC_TC,Total use of antibacterials expressed as DDD per 1000 inhabitants per day,numeric,EUR,Europe,Country,CZE,Czechia,Year,2020,false,,,,,,,,,,,,,13.91,,,,,,13.91,,,EN,2025-09-23T20:30:00.000Z
GLASSAMC_TC,Total use of antibacterials expressed as DDD per 1000 inhabitants per day,numeric,AFR,Africa,Country,KEN,Kenya,Year,2020,false,,,,,,,,,,,,,14.04,,,,,,14.04,,Data incomplete since not collected from all sources of data,EN,2024-09-17T20:30:00.000Z
GLASSAMC_TC,Total use of antibacterials expressed as DDD per 1000 inhabitants per day,numeric,AFR,Africa,Country,BEN,Benin,Year,2020,false,,,,,,,,,,,,,14.15,,,,,,14.15,,,EN,2024-09-17T20:30:00.000Z
GLASSAMC_TC,Total use of antibacterials expressed as DDD per 1000 inhabitants per day,numeric,EUR,Europe,Country,LTU,Lithuania,Year,2020,false,,,,,,,,,,,,,14.16,,,,,,14.16,,,EN,2025-09-23T20:30:00.000Z
GLASSAMC_TC,Total use of antibacterials expressed as DDD per 1000 inhabitants per day,numeric,AFR,Africa,Country,MLI,Mali,Year,2020,false,,,,,,,,,,,,,14.19,,,,,,14.19,,For antibiotics: only J01 and P01AB reported,EN,2025-09-23T20:30:00.000Z
GLASSAMC_TC,Total use of antibacterials expressed as DDD per 1000 inhabitants per day,numeric,EUR,Europe,Country,DNK,Denmark,Year,2020,false,,,,,,,,,,,,,14.32,,,,,,14.32,,,EN,2025-09-23T20:30:00.000Z
GLASSAMC_TC,Total use of antibacterials expressed as DDD per 1000 inhabitants per day,numeric,EUR,Europe,Country,GEO,Georgia,Year,2020,false,,,,,,,,,,,,,14.42,,,,,,14.42,,For antibiotics: only J01 and P01AB reported,EN,2025-09-23T20:30:00.000Z
GLASSAMC_TC,Total use of antibacterials expressed as DDD per 1000 inhabitants per day,numeric,EUR,Europe,Country,PRT,Portugal,Year,2020,false,,,,,,,,,,,,,14.9,,,,,,14.9,,,EN,2025-09-23T20:30:00.000Z
GLASSAMC_TC,Total use of antibacterials expressed as DDD per 1000 inhabitants per day,numeric,AFR,Africa,Country,GAB,Gabon,Year,2020,false,,,,,,,,,,,,,15.78,,,,,,15.78,,For antibiotics: only J01 and P01AB reported,EN,2025-09-23T20:30:00.000Z
GLASSAMC_TC,Total use of antibacterials expressed as DDD per 1000 inhabitants per day,numeric,EUR,Europe,Country,GBR,United Kingdom of Great Britain and Northern Ireland,Year,2020,false,,,,,,,,,,,,,16.03,,,,,,16.03,,Only use in the public sector reported,EN,2025-09-23T20:30:00.000Z
GLASSAMC_TC,Total use of antibacterials expressed as DDD per 1000 inhabitants per day,numeric,EUR,Europe,Country,ISL,Iceland,Year,2020,false,,,,,,,,,,,,,16.1,,,,,,16.1,,,EN,2025-09-23T20:30:00.000Z
GLASSAMC_TC,Total use of antibacterials expressed as DDD per 1000 inhabitants per day,numeric,EUR,Europe,Country,BEL,Belgium,Year,2020,false,,,,,,,,,,,,,16.83,,,,,,16.83,,,EN,2025-09-23T20:30:00.000Z
GLASSAMC_TC,Total use of antibacterials expressed as DDD per 1000 inhabitants per day,numeric,SEAR,South-East Asia,Country,MDV,Maldives,Year,2020,false,,,,,,,,,,,,,16.85,,,,,,16.85,,,EN,2025-09-23T20:30:00.000Z
GLASSAMC_TC,Total use of antibacterials expressed as DDD per 1000 inhabitants per day,numeric,EUR,Europe,Country,UKR,Ukraine,Year,2020,false,,,,,,,,,,,,,17.28,,,,,,17.28,,,EN,2025-09-23T20:30:00.000Z
GLASSAMC_TC,Total use of antibacterials expressed as DDD per 1000 inhabitants per day,numeric,EUR,Europe,Country,HRV,Croatia,Year,2020,false,,,,,,,,,,,,,17.29,,,,,,17.29,,,EN,2025-09-23T20:30:00.000Z
GLASSAMC_TC,Total use of antibacterials expressed as DDD per 1000 inhabitants per day,numeric,EUR,Europe,Country,MLT,Malta,Year,2020,false,,,,,,,,,,,,,17.81,,,,,,17.81,,,EN,2025-09-23T20:30:00.000Z
GLASSAMC_TC,Total use of antibacterials expressed as DDD per 1000 inhabitants per day,numeric,EUR,Europe,Country,ARM,Armenia,Year,2020,false,,,,,,,,,,,,,18.27,,,,,,18.27,,,EN,2025-09-23T20:30:00.000Z
GLASSAMC_TC,Total use of antibacterials expressed as DDD per 1000 inhabitants per day,numeric,EUR,Europe,Country,IRL,Ireland,Year,2020,false,,,,,,,,,,,,,18.55,,,,,,18.55,,,EN,2025-09-23T20:30:00.000Z
GLASSAMC_TC,Total use of antibacterials expressed as DDD per 1000 inhabitants per day,numeric,EUR,Europe,Country,POL,Poland,Year,2020,false,,,,,,,,,,,,,18.91,,,,,,18.91,,,EN,2025-09-23T20:30:00.000Z
GLASSAMC_TC,Total use of antibacterials expressed as DDD per 1000 inhabitants per day,numeric,EUR,Europe,Country,RUS,Russian Federation,Year,2020,false,,,,,,,,,,,,,19.93,,,,,,19.93,,,EN,2024-09-17T20:30:00.000Z
GLASSAMC_TC,Total use of antibacterials expressed as DDD per 1000 inhabitants per day,numeric,AFR,Africa,Country,BFA,Burkina Faso,Year,2020,false,,,,,,,,,,,,,20.17,,,,,,20.17,,For antibiotics: only J01 and P01AB reported,EN,2025-09-23T20:30:00.000Z
GLASSAMC_TC,Total use of antibacterials expressed as DDD per 1000 inhabitants per day,numeric,EUR,Europe,Country,ESP,Spain,Year,2020,false,,,,,,,,,,,,,20.27,,,,,,20.27,,,EN,2025-09-23T20:30:00.000Z
GLASSAMC_TC,Total use of antibacterials expressed as DDD per 1000 inhabitants per day,numeric,EUR,Europe,Country,FRA,France,Year,2020,false,,,,,,,,,,,,,20.37,,,,,,20.37,,For antibiotics: only J01 and P01AB reported,EN,2025-09-23T20:30:00.000Z
GLASSAMC_TC,Total use of antibacterials expressed as DDD per 1000 inhabitants per day,numeric,EUR,Europe,Country,ITA,Italy,Year,2020,false,,,,,,,,,,,,,20.53,,,,,,20.53,,,EN,2025-09-23T20:30:00.000Z
GLASSAMC_TC,Total use of antibacterials expressed as DDD per 1000 inhabitants per day,numeric,WPR,Western Pacific,Country,LAO,Lao People's Democratic Republic,Year,2020,false,,,,,,,,,,,,,20.84,,,,,,20.84,,For antibiotics: only J01 and P01AB reported,EN,2025-09-23T20:30:00.000Z
GLASSAMC_TC,Total use of antibacterials expressed as DDD per 1000 inhabitants per day,numeric,AMR,Americas,Country,COL,Colombia,Year,2020,false,,,,,,,,,,,,,22.3,,,,,,22.3,,,EN,2024-09-17T20:30:00.000Z
GLASSAMC_TC,Total use of antibacterials expressed as DDD per 1000 inhabitants per day,numeric,SEAR,South-East Asia,Country,BGD,Bangladesh,Year,2020,false,,,,,,,,,,,,,24.9,,,,,,24.9,,,EN,2024-09-17T20:30:00.000Z
GLASSAMC_TC,Total use of antibacterials expressed as DDD per 1000 inhabitants per day,numeric,EUR,Europe,Country,BLR,Belarus,Year,2020,false,,,,,,,,,,,,,25.93,,,,,,25.93,,,EN,2024-09-17T20:30:00.000Z
GLASSAMC_TC,Total use of antibacterials expressed as DDD per 1000 inhabitants per day,numeric,EUR,Europe,Country,ROU,Romania,Year,2020,false,,,,,,,,,,,,,26.14,,,,,,26.14,,,EN,2025-09-23T20:30:00.000Z
GLASSAMC_TC,Total use of antibacterials expressed as DDD per 1000 inhabitants per day,numeric,AFR,Africa,Country,TZA,United Republic of Tanzania,Year,2020,false,,,,,,,,,,,,,26.54,,,,,,26.54,,,EN,2024-09-17T20:30:00.000Z
GLASSAMC_TC,Total use of antibacterials expressed as DDD per 1000 inhabitants per day,numeric,EMR,Eastern Mediterranean,Country,JOR,Jordan,Year,2020,false,,,,,,,,,,,,,27.96,,,,,,27.96,,,EN,2024-09-17T20:30:00.000Z
GLASSAMC_TC,Total use of antibacterials expressed as DDD per 1000 inhabitants per day,numeric,EUR,Europe,Country,MNE,Montenegro,Year,2020,false,,,,,,,,,,,,,28.13,,,,,,28.13,,,EN,2024-09-17T20:30:00.000Z
GLASSAMC_TC,Total use of antibacterials expressed as DDD per 1000 inhabitants per day,numeric,EMR,Eastern Mediterranean,Country,EGY,Egypt,Year,2020,false,,,,,,,,,,,,,28.66,,,,,,28.66,,,EN,2025-09-23T20:30:00.000Z
GLASSAMC_TC,Total use of antibacterials expressed as DDD per 1000 inhabitants per day,numeric,EMR,Eastern Mediterranean,Country,TUN,Tunisia,Year,2020,false,,,,,,,,,,,,,28.78,,,,,,28.78,,For antibiotics: only J01 and P01AB reported,EN,2025-09-23T20:30:00.000Z
GLASSAMC_TC,Total use of antibacterials expressed as DDD per 1000 inhabitants per day,numeric,EUR,Europe,Country,CYP,Cyprus,Year,2020,false,,,,,,,,,,,,,29.42,,,,,,29.42,,,EN,2024-09-17T20:30:00.000Z
GLASSAMC_TC,Total use of antibacterials expressed as DDD per 1000 inhabitants per day,numeric,EUR,Europe,Country,TJK,Tajikistan,Year,2020,false,,,,,,,,,,,,,30.31,,,,,,30.31,,,EN,2024-09-17T20:30:00.000Z
GLASSAMC_TC,Total use of antibacterials expressed as DDD per 1000 inhabitants per day,numeric,SEAR,South-East Asia,Country,NPL,Nepal,Year,2020,false,,,,,,,,,,,,,49.5,,,,,,49.5,,,EN,2024-09-17T20:30:00.000Z
GLASSAMC_TC,Total use of antibacterials expressed as DDD per 1000 inhabitants per day,numeric,EMR,Eastern Mediterranean,Country,IRN,Iran (Islamic Republic of),Year,2020,false,,,,,,,,,,,,,51.55,,,,,,51.55,,,EN,2024-09-17T20:30:00.000Z
GLASSAMC_TC,Total use of antibacterials expressed as DDD per 1000 inhabitants per day,numeric,AMR,Americas,Country,HND,Honduras,Year,2020,false,,,,,,,,,,,,,6.09,,,,,,6.09,,Only use in the public sector reported,EN,2025-09-23T20:30:00.000Z
GLASSAMC_TC,Total use of antibacterials expressed as DDD per 1000 inhabitants per day,numeric,AMR,Americas,Country,PER,Peru,Year,2020,false,,,,,,,,,,,,,7.92,,,,,,7.92,,,EN,2025-09-23T20:30:00.000Z
GLASSAMC_TC,Total use of antibacterials expressed as DDD per 1000 inhabitants per day,numeric,EUR,Europe,Country,DEU,Germany,Year,2020,false,,,,,,,,,,,,,9.06,,,,,,9.06,,Only use in the community reported,EN,2025-09-23T20:30:00.000Z
GLASSAMC_TC,Total use of antibacterials expressed as DDD per 1000 inhabitants per day,numeric,EUR,Europe,Country,CHE,Switzerland,Year,2020,false,,,,,,,,,,,,,9.23,,,,,,9.23,,,EN,2024-09-17T20:30:00.000Z
GLASSAMC_TC,Total use of antibacterials expressed as DDD per 1000 inhabitants per day,numeric,EUR,Europe,Country,AUT,Austria,Year,2020,false,,,,,,,,,,,,,9.24,,,,,,9.24,,,EN,2025-09-23T20:30:00.000Z
GLASSAMC_TC,Total use of antibacterials expressed as DDD per 1000 inhabitants per day,numeric,SEAR,South-East Asia,Country,BTN,Bhutan,Year,2020,false,,,,,,,,,,,,,9.47,,,,,,9.47,,For antibiotics: only J01 and P01AB reported,EN,2025-09-23T20:30:00.000Z
GLASSAMC_TC,Total use of antibacterials expressed as DDD per 1000 inhabitants per day,numeric,EUR,Europe,Country,SWE,Sweden,Year,2020,false,,,,,,,,,,,,,9.74,,,,,,9.74,,,EN,2024-09-17T20:30:00.000Z
GLASSAMC_TC,Total use of antibacterials expressed as DDD per 1000 inhabitants per day,numeric,AFR,Africa,Country,ZAF,South Africa,Year,2019,false,,,,,,,,,,,,,10.58,,,,,,10.58,,Only use in the public sector reported,EN,2025-09-23T20:30:00.000Z
GLASSAMC_TC,Total use of antibacterials expressed as DDD per 1000 inhabitants per day,numeric,EUR,Europe,Country,CHE,Switzerland,Year,2019,false,,,,,,,,,,,,,10.83,,,,,,10.83,,For antibiotics: only J01 and P01AB reported,EN,2025-09-23T20:30:00.000Z
GLASSAMC_TC,Total use of antibacterials expressed as DDD per 1000 inhabitants per day,numeric,EUR,Europe,Country,SWE,Sweden,Year,2019,false,,,,,,,,,,,,,11.13,,,,,,11.13,,,EN,2024-09-17T20:30:00.000Z
GLASSAMC_TC,Total use of antibacterials expressed as DDD per 1000 inhabitants per day,numeric,AFR,Africa,Country,MLI,Mali,Year,2019,false,,,,,,,,,,,,,11.35,,,,,,11.35,,,EN,2024-09-17T20:30:00.000Z
GLASSAMC_TC,Total use of antibacterials expressed as DDD per 1000 inhabitants per day,numeric,EUR,Europe,Country,DEU,Germany,Year,2019,false,,,,,,,,,,,,,11.42,,,,,,11.42,,Only use in the community reported,EN,2025-09-23T20:30:00.000Z
GLASSAMC_TC,Total use of antibacterials expressed as DDD per 1000 inhabitants per day,numeric,SEAR,South-East Asia,Country,BTN,Bhutan,Year,2019,false,,,,,,,,,,,,,11.78,,,,,,11.78,,For antibiotics: only J01 and P01AB reported,EN,2025-09-23T20:30:00.000Z
GLASSAMC_TC,Total use of antibacterials expressed as DDD per 1000 inhabitants per day,numeric,EUR,Europe,Country,ARM,Armenia,Year,2019,false,,,,,,,,,,,,,11.85,,,,,,11.85,,,EN,2025-09-23T20:30:00.000Z
GLASSAMC_TC,Total use of antibacterials expressed as DDD per 1000 inhabitants per day,numeric,EUR,Europe,Country,EST,Estonia,Year,2019,false,,,,,,,,,,,,,11.96,,,,,,11.96,,,EN,2025-09-23T20:30:00.000Z
GLASSAMC_TC,Total use of antibacterials expressed as DDD per 1000 inhabitants per day,numeric,EUR,Europe,Country,AUT,Austria,Year,2019,false,,,,,,,,,,,,,12.05,,,,,,12.05,,,EN,2025-09-23T20:30:00.000Z
GLASSAMC_TC,Total use of antibacterials expressed as DDD per 1000 inhabitants per day,numeric,EUR,Europe,Country,NOR,Norway,Year,2019,false,,,,,,,,,,,,,12.06,,,,,,12.06,,,EN,2025-09-23T20:30:00.000Z
GLASSAMC_TC,Total use of antibacterials expressed as DDD per 1000 inhabitants per day,numeric,AMR,Americas,Country,PER,Peru,Year,2019,false,,,,,,,,,,,,,12.37,,,,,,12.37,,,EN,2025-09-23T20:30:00.000Z
GLASSAMC_TC,Total use of antibacterials expressed as DDD per 1000 inhabitants per day,numeric,EUR,Europe,Country,SVN,Slovenia,Year,2019,false,,,,,,,,,,,,,13.15,,,,,,13.15,,,EN,2025-09-23T20:30:00.000Z
GLASSAMC_TC,Total use of antibacterials expressed as DDD per 1000 inhabitants per day,numeric,EUR,Europe,Country,FIN,Finland,Year,2019,false,,,,,,,,,,,,,13.95,,,,,,13.95,,,EN,2025-09-23T20:30:00.000Z
GLASSAMC_TC,Total use of antibacterials expressed as DDD per 1000 inhabitants per day,numeric,EUR,Europe,Country,LVA,Latvia,Year,2019,false,,,,,,,,,,,,,14.12,,,,,,14.12,,,EN,2025-09-23T20:30:00.000Z
GLASSAMC_TC,Total use of antibacterials expressed as DDD per 1000 inhabitants per day,numeric,EUR,Europe,Country,HUN,Hungary,Year,2019,false,,,,,,,,,,,,,15.04,,,,,,15.04,,,EN,2025-09-23T20:30:00.000Z
GLASSAMC_TC,Total use of antibacterials expressed as DDD per 1000 inhabitants per day,numeric,EUR,Europe,Country,DNK,Denmark,Year,2019,false,,,,,,,,,,,,,15.38,,,,,,15.38,,,EN,2025-09-23T20:30:00.000Z
GLASSAMC_TC,Total use of antibacterials expressed as DDD per 1000 inhabitants per day,numeric,EUR,Europe,Country,RUS,Russian Federation,Year,2019,false,,,,,,,,,,,,,15.74,,,,,,15.74,,,EN,2024-09-17T20:30:00.000Z
GLASSAMC_TC,Total use of antibacterials expressed as DDD per 1000 inhabitants per day,numeric,EUR,Europe,Country,LTU,Lithuania,Year,2019,false,,,,,,,,,,,,,16.12,,,,,,16.12,,,EN,2025-09-23T20:30:00.000Z
GLASSAMC_TC,Total use of antibacterials expressed as DDD per 1000 inhabitants per day,numeric,SEAR,South-East Asia,Country,MDV,Maldives,Year,2019,false,,,,,,,,,,,,,16.28,,,,,,16.28,,,EN,2025-09-23T20:30:00.000Z
GLASSAMC_TC,Total use of antibacterials expressed as DDD per 1000 inhabitants per day,numeric,EUR,Europe,Country,GEO,Georgia,Year,2019,false,,,,,,,,,,,,,16.41,,,,,,16.41,,For antibiotics: only J01 and P01AB reported,EN,2025-09-23T20:30:00.000Z
GLASSAMC_TC,Total use of antibacterials expressed as DDD per 1000 inhabitants per day,numeric,EUR,Europe,Country,CZE,Czechia,Year,2019,false,,,,,,,,,,,,,17.38,,,,,,17.38,,,EN,2025-09-23T20:30:00.000Z
GLASSAMC_TC,Total use of antibacterials expressed as DDD per 1000 inhabitants per day,numeric,EUR,Europe,Country,GBR,United Kingdom of Great Britain and Northern Ireland,Year,2019,false,,,,,,,,,,,,,18.01,,,,,,18.01,,Only use in the public sector reported,EN,2025-09-23T20:30:00.000Z
GLASSAMC_TC,Total use of antibacterials expressed as DDD per 1000 inhabitants per day,numeric,AFR,Africa,Country,BEN,Benin,Year,2019,false,,,,,,,,,,,,,18.09,,,,,,18.09,,,EN,2024-09-17T20:30:00.000Z
GLASSAMC_TC,Total use of antibacterials expressed as DDD per 1000 inhabitants per day,numeric,AFR,Africa,Country,BFA,Burkina Faso,Year,2019,false,,,,,,,,,,,,,18.45,,,,,,18.45,,For antibiotics: only J01 and P01AB reported,EN,2025-09-23T20:30:00.000Z
GLASSAMC_TC,Total use of antibacterials expressed as DDD per 1000 inhabitants per day,numeric,EUR,Europe,Country,ISL,Iceland,Year,2019,false,,,,,,,,,,,,,18.63,,,,,,18.63,,,EN,2025-09-23T20:30:00.000Z
GLASSAMC_TC,Total use of antibacterials expressed as DDD per 1000 inhabitants per day,numeric,EUR,Europe,Country,PRT,Portugal,Year,2019,false,,,,,,,,,,,,,19.22,,,,,,19.22,,,EN,2025-09-23T20:30:00.000Z
GLASSAMC_TC,Total use of antibacterials expressed as DDD per 1000 inhabitants per day,numeric,EUR,Europe,Country,UKR,Ukraine,Year,2019,false,,,,,,,,,,,,,19.65,,,,,,19.65,,,EN,2025-09-23T20:30:00.000Z
GLASSAMC_TC,Total use of antibacterials expressed as DDD per 1000 inhabitants per day,numeric,AMR,Americas,Country,COL,Colombia,Year,2019,false,,,,,,,,,,,,,19.81,,,,,,19.81,,,EN,2024-09-17T20:30:00.000Z
GLASSAMC_TC,Total use of antibacterials expressed as DDD per 1000 inhabitants per day,numeric,EUR,Europe,Country,HRV,Croatia,Year,2019,false,,,,,,,,,,,,,20.55,,,,,,20.55,,,EN,2025-09-23T20:30:00.000Z
GLASSAMC_TC,Total use of antibacterials expressed as DDD per 1000 inhabitants per day,numeric,EUR,Europe,Country,BEL,Belgium,Year,2019,false,,,,,,,,,,,,,21.51,,,,,,21.51,,,EN,2025-09-23T20:30:00.000Z
GLASSAMC_TC,Total use of antibacterials expressed as DDD per 1000 inhabitants per day,numeric,EUR,Europe,Country,MLT,Malta,Year,2019,false,,,,,,,,,,,,,22.03,,,,,,22.03,,,EN,2025-09-23T20:30:00.000Z
GLASSAMC_TC,Total use of antibacterials expressed as DDD per 1000 inhabitants per day,numeric,WPR,Western Pacific,Country,LAO,Lao People's Democratic Republic,Year,2019,false,,,,,,,,,,,,,22.25,,,,,,22.25,,For antibiotics: only J01 and P01AB reported,EN,2025-09-23T20:30:00.000Z
GLASSAMC_TC,Total use of antibacterials expressed as DDD per 1000 inhabitants per day,numeric,EUR,Europe,Country,BLR,Belarus,Year,2019,false,,,,,,,,,,,,,22.64,,,,,,22.64,,,EN,2024-09-17T20:30:00.000Z
GLASSAMC_TC,Total use of antibacterials expressed as DDD per 1000 inhabitants per day,numeric,EUR,Europe,Country,IRL,Ireland,Year,2019,false,,,,,,,,,,,,,22.68,,,,,,22.68,,,EN,2025-09-23T20:30:00.000Z
GLASSAMC_TC,Total use of antibacterials expressed as DDD per 1000 inhabitants per day,numeric,EUR,Europe,Country,TJK,Tajikistan,Year,2019,false,,,,,,,,,,,,,23.19,,,,,,23.19,,,EN,2024-09-17T20:30:00.000Z
GLASSAMC_TC,Total use of antibacterials expressed as DDD per 1000 inhabitants per day,numeric,EUR,Europe,Country,ITA,Italy,Year,2019,false,,,,,,,,,,,,,23.99,,,,,,23.99,,,EN,2025-09-23T20:30:00.000Z
GLASSAMC_TC,Total use of antibacterials expressed as DDD per 1000 inhabitants per day,numeric,EUR,Europe,Country,POL,Poland,Year,2019,false,,,,,,,,,,,,,24.05,,,,,,24.05,,,EN,2025-09-23T20:30:00.000Z
GLASSAMC_TC,Total use of antibacterials expressed as DDD per 1000 inhabitants per day,numeric,SEAR,South-East Asia,Country,BGD,Bangladesh,Year,2019,false,,,,,,,,,,,,,24.32,,,,,,24.32,,,EN,2024-09-17T20:30:00.000Z
GLASSAMC_TC,Total use of antibacterials expressed as DDD per 1000 inhabitants per day,numeric,EUR,Europe,Country,FRA,France,Year,2019,false,,,,,,,,,,,,,25.09,,,,,,25.09,,For antibiotics: only J01 and P01AB reported,EN,2025-09-23T20:30:00.000Z
GLASSAMC_TC,Total use of antibacterials expressed as DDD per 1000 inhabitants per day,numeric,EUR,Europe,Country,ESP,Spain,Year,2019,false,,,,,,,,,,,,,25.46,,,,,,25.46,,,EN,2025-09-23T20:30:00.000Z
GLASSAMC_TC,Total use of antibacterials expressed as DDD per 1000 inhabitants per day,numeric,EUR,Europe,Country,ROU,Romania,Year,2019,false,,,,,,,,,,,,,26.81,,,,,,26.81,,,EN,2025-09-23T20:30:00.000Z
GLASSAMC_TC,Total use of antibacterials expressed as DDD per 1000 inhabitants per day,numeric,EUR,Europe,Country,MNE,Montenegro,Year,2019,false,,,,,,,,,,,,,27.24,,,,,,27.24,,,EN,2024-09-17T20:30:00.000Z
GLASSAMC_TC,Total use of antibacterials expressed as DDD per 1000 inhabitants per day,numeric,EMR,Eastern Mediterranean,Country,TUN,Tunisia,Year,2019,false,,,,,,,,,,,,,29.36,,,,,,29.36,,For antibiotics: only J01 and P01AB reported,EN,2025-09-23T20:30:00.000Z
GLASSAMC_TC,Total use of antibacterials expressed as DDD per 1000 inhabitants per day,numeric,EMR,Eastern Mediterranean,Country,JOR,Jordan,Year,2019,false,,,,,,,,,,,,,29.56,,,,,,29.56,,,EN,2024-09-17T20:30:00.000Z
GLASSAMC_TC,Total use of antibacterials expressed as DDD per 1000 inhabitants per day,numeric,EUR,Europe,Country,CYP,Cyprus,Year,2019,false,,,,,,,,,,,,,30.39,,,,,,30.39,,,EN,2024-09-17T20:30:00.000Z
GLASSAMC_TC,Total use of antibacterials expressed as DDD per 1000 inhabitants per day,numeric,AFR,Africa,Country,KEN,Kenya,Year,2019,false,,,,,,,,,,,,,30.49,,,,,,30.49,,Data incomplete since not collected from all sources of data,EN,2024-09-17T20:30:00.000Z
GLASSAMC_TC,Total use of antibacterials expressed as DDD per 1000 inhabitants per day,numeric,AFR,Africa,Country,TZA,United Republic of Tanzania,Year,2019,false,,,,,,,,,,,,,46.07,,,,,,46.07,,,EN,2025-09-23T20:30:00.000Z
GLASSAMC_TC,Total use of antibacterials expressed as DDD per 1000 inhabitants per day,numeric,SEAR,South-East Asia,Country,NPL,Nepal,Year,2019,false,,,,,,,,,,,,,56.27,,,,,,56.27,,,EN,2024-09-17T20:30:00.000Z
GLASSAMC_TC,Total use of antibacterials expressed as DDD per 1000 inhabitants per day,numeric,AMR,Americas,Country,HND,Honduras,Year,2019,false,,,,,,,,,,,,,6.52,,,,,,6.52,,Only use in the public sector reported,EN,2025-09-23T20:30:00.000Z
GLASSAMC_TC,Total use of antibacterials expressed as DDD per 1000 inhabitants per day,numeric,SEAR,South-East Asia,Country,TLS,Timor-Leste,Year,2019,true,,,,,,,,,,,,,7.78,,,,,,7.78,,,EN,2024-09-17T20:30:00.000Z
GLASSAMC_TC,Total use of antibacterials expressed as DDD per 1000 inhabitants per day,numeric,EUR,Europe,Country,AUT,Austria,Year,2018,false,,,,,,,,,,,,,10.77,,,,,,10.77,,Only use in the community reported,EN,2025-09-23T20:30:00.000Z
GLASSAMC_TC,Total use of antibacterials expressed as DDD per 1000 inhabitants per day,numeric,EUR,Europe,Country,CHE,Switzerland,Year,2018,false,,,,,,,,,,,,,10.96,,,,,,10.96,,For antibiotics: only J01 and P01AB reported,EN,2025-09-23T20:30:00.000Z
GLASSAMC_TC,Total use of antibacterials expressed as DDD per 1000 inhabitants per day,numeric,AFR,Africa,Country,MLI,Mali,Year,2018,false,,,,,,,,,,,,,11.01,,,,,,11.01,,,EN,2024-09-17T20:30:00.000Z
GLASSAMC_TC,Total use of antibacterials expressed as DDD per 1000 inhabitants per day,numeric,EUR,Europe,Country,SWE,Sweden,Year,2018,false,,,,,,,,,,,,,11.51,,,,,,11.51,,,EN,2024-09-17T20:30:00.000Z
GLASSAMC_TC,Total use of antibacterials expressed as DDD per 1000 inhabitants per day,numeric,EUR,Europe,Country,DEU,Germany,Year,2018,false,,,,,,,,,,,,,11.71,,,,,,11.71,,Only use in the community reported,EN,2025-09-23T20:30:00.000Z
GLASSAMC_TC,Total use of antibacterials expressed as DDD per 1000 inhabitants per day,numeric,EUR,Europe,Country,NOR,Norway,Year,2018,false,,,,,,,,,,,,,11.76,,,,,,11.76,,,EN,2025-09-23T20:30:00.000Z
GLASSAMC_TC,Total use of antibacterials expressed as DDD per 1000 inhabitants per day,numeric,EUR,Europe,Country,EST,Estonia,Year,2018,false,,,,,,,,,,,,,11.94,,,,,,11.94,,,EN,2025-09-23T20:30:00.000Z
GLASSAMC_TC,Total use of antibacterials expressed as DDD per 1000 inhabitants per day,numeric,EUR,Europe,Country,UKR,Ukraine,Year,2018,false,,,,,,,,,,,,,12.21,,,,,,12.21,,,EN,2025-09-23T20:30:00.000Z
GLASSAMC_TC,Total use of antibacterials expressed as DDD per 1000 inhabitants per day,numeric,EUR,Europe,Country,ARM,Armenia,Year,2018,false,,,,,,,,,,,,,12.72,,,,,,12.72,,,EN,2025-09-23T20:30:00.000Z
GLASSAMC_TC,Total use of antibacterials expressed as DDD per 1000 inhabitants per day,numeric,EUR,Europe,Country,SVN,Slovenia,Year,2018,false,,,,,,,,,,,,,13.28,,,,,,13.28,,,EN,2025-09-23T20:30:00.000Z
GLASSAMC_TC,Total use of antibacterials expressed as DDD per 1000 inhabitants per day,numeric,EUR,Europe,Country,LVA,Latvia,Year,2018,false,,,,,,,,,,,,,14.03,,,,,,14.03,,,EN,2025-09-23T20:30:00.000Z
GLASSAMC_TC,Total use of antibacterials expressed as DDD per 1000 inhabitants per day,numeric,EUR,Europe,Country,FIN,Finland,Year,2018,false,,,,,,,,,,,,,14.61,,,,,,14.61,,,EN,2025-09-23T20:30:00.000Z
GLASSAMC_TC,Total use of antibacterials expressed as DDD per 1000 inhabitants per day,numeric,EUR,Europe,Country,RUS,Russian Federation,Year,2018,false,,,,,,,,,,,,,15.21,,,,,,15.21,,,EN,2024-09-17T20:30:00.000Z
GLASSAMC_TC,Total use of antibacterials expressed as DDD per 1000 inhabitants per day,numeric,EUR,Europe,Country,HUN,Hungary,Year,2018,false,,,,,,,,,,,,,15.42,,,,,,15.42,,,EN,2025-09-23T20:30:00.000Z
GLASSAMC_TC,Total use of antibacterials expressed as DDD per 1000 inhabitants per day,numeric,EUR,Europe,Country,DNK,Denmark,Year,2018,false,,,,,,,,,,,,,15.63,,,,,,15.63,,,EN,2025-09-23T20:30:00.000Z
GLASSAMC_TC,Total use of antibacterials expressed as DDD per 1000 inhabitants per day,numeric,EUR,Europe,Country,LTU,Lithuania,Year,2018,false,,,,,,,,,,,,,16.38,,,,,,16.38,,,EN,2025-09-23T20:30:00.000Z
GLASSAMC_TC,Total use of antibacterials expressed as DDD per 1000 inhabitants per day,numeric,EUR,Europe,Country,GBR,United Kingdom of Great Britain and Northern Ireland,Year,2018,false,,,,,,,,,,,,,18.47,,,,,,18.47,,Only use in the public sector reported,EN,2025-09-23T20:30:00.000Z
GLASSAMC_TC,Total use of antibacterials expressed as DDD per 1000 inhabitants per day,numeric,EUR,Europe,Country,PRT,Portugal,Year,2018,false,,,,,,,,,,,,,19.05,,,,,,19.05,,,EN,2025-09-23T20:30:00.000Z
GLASSAMC_TC,Total use of antibacterials expressed as DDD per 1000 inhabitants per day,numeric,EUR,Europe,Country,BLR,Belarus,Year,2018,false,,,,,,,,,,,,,19.09,,,,,,19.09,,,EN,2024-09-17T20:30:00.000Z
GLASSAMC_TC,Total use of antibacterials expressed as DDD per 1000 inhabitants per day,numeric,EUR,Europe,Country,TJK,Tajikistan,Year,2018,false,,,,,,,,,,,,,19.4,,,,,,19.4,,,EN,2024-09-17T20:30:00.000Z
GLASSAMC_TC,Total use of antibacterials expressed as DDD per 1000 inhabitants per day,numeric,EUR,Europe,Country,ISL,Iceland,Year,2018,false,,,,,,,,,,,,,19.73,,,,,,19.73,,,EN,2025-09-23T20:30:00.000Z
GLASSAMC_TC,Total use of antibacterials expressed as DDD per 1000 inhabitants per day,numeric,SEAR,South-East Asia,Country,BGD,Bangladesh,Year,2018,false,,,,,,,,,,,,,19.77,,,,,,19.77,,,EN,2024-09-17T20:30:00.000Z
GLASSAMC_TC,Total use of antibacterials expressed as DDD per 1000 inhabitants per day,numeric,AFR,Africa,Country,ZAF,South Africa,Year,2018,false,,,,,,,,,,,,,20.3,,,,,,20.3,,Only consumption in the public sector reported,EN,2024-09-17T20:30:00.000Z
GLASSAMC_TC,Total use of antibacterials expressed as DDD per 1000 inhabitants per day,numeric,EUR,Europe,Country,HRV,Croatia,Year,2018,false,,,,,,,,,,,,,20.35,,,,,,20.35,,,EN,2025-09-23T20:30:00.000Z
GLASSAMC_TC,Total use of antibacterials expressed as DDD per 1000 inhabitants per day,numeric,EUR,Europe,Country,GEO,Georgia,Year,2018,false,,,,,,,,,,,,,20.75,,,,,,20.75,,For antibiotics: only J01 and P01AB reported,EN,2025-09-23T20:30:00.000Z
GLASSAMC_TC,Total use of antibacterials expressed as DDD per 1000 inhabitants per day,numeric,AFR,Africa,Country,BFA,Burkina Faso,Year,2018,false,,,,,,,,,,,,,21.04,,,,,,21.04,,For antibiotics: only J01 reported,EN,2025-09-23T20:30:00.000Z
GLASSAMC_TC,Total use of antibacterials expressed as DDD per 1000 inhabitants per day,numeric,EUR,Europe,Country,MLT,Malta,Year,2018,false,,,,,,,,,,,,,21.4,,,,,,21.4,,,EN,2025-09-23T20:30:00.000Z
GLASSAMC_TC,Total use of antibacterials expressed as DDD per 1000 inhabitants per day,numeric,AMR,Americas,Country,COL,Colombia,Year,2018,false,,,,,,,,,,,,,22.27,,,,,,22.27,,,EN,2024-09-17T20:30:00.000Z
GLASSAMC_TC,Total use of antibacterials expressed as DDD per 1000 inhabitants per day,numeric,EUR,Europe,Country,IRL,Ireland,Year,2018,false,,,,,,,,,,,,,22.33,,,,,,22.33,,,EN,2025-09-23T20:30:00.000Z
GLASSAMC_TC,Total use of antibacterials expressed as DDD per 1000 inhabitants per day,numeric,EUR,Europe,Country,BEL,Belgium,Year,2018,false,,,,,,,,,,,,,22.41,,,,,,22.41,,,EN,2025-09-23T20:30:00.000Z
GLASSAMC_TC,Total use of antibacterials expressed as DDD per 1000 inhabitants per day,numeric,AFR,Africa,Country,BEN,Benin,Year,2018,false,,,,,,,,,,,,,23.17,,,,,,23.17,,,EN,2024-09-17T20:30:00.000Z
GLASSAMC_TC,Total use of antibacterials expressed as DDD per 1000 inhabitants per day,numeric,EUR,Europe,Country,ITA,Italy,Year,2018,false,,,,,,,,,,,,,23.57,,,,,,23.57,,,EN,2025-09-23T20:30:00.000Z
GLASSAMC_TC,Total use of antibacterials expressed as DDD per 1000 inhabitants per day,numeric,EUR,Europe,Country,POL,Poland,Year,2018,false,,,,,,,,,,,,,24.7,,,,,,24.7,,,EN,2025-09-23T20:30:00.000Z
GLASSAMC_TC,Total use of antibacterials expressed as DDD per 1000 inhabitants per day,numeric,SEAR,South-East Asia,Country,MDV,Maldives,Year,2018,false,,,,,,,,,,,,,25.23,,,,,,25.23,,,EN,2025-09-23T20:30:00.000Z
GLASSAMC_TC,Total use of antibacterials expressed as DDD per 1000 inhabitants per day,numeric,EUR,Europe,Country,FRA,France,Year,2018,false,,,,,,,,,,,,,25.38,,,,,,25.38,,For antibiotics: only J01 and P01AB reported,EN,2025-09-23T20:30:00.000Z
GLASSAMC_TC,Total use of antibacterials expressed as DDD per 1000 inhabitants per day,numeric,EUR,Europe,Country,ROU,Romania,Year,2018,false,,,,,,,,,,,,,25.79,,,,,,25.79,,,EN,2025-09-23T20:30:00.000Z
GLASSAMC_TC,Total use of antibacterials expressed as DDD per 1000 inhabitants per day,numeric,EUR,Europe,Country,ESP,Spain,Year,2018,false,,,,,,,,,,,,,26.66,,,,,,26.66,,,EN,2025-09-23T20:30:00.000Z
GLASSAMC_TC,Total use of antibacterials expressed as DDD per 1000 inhabitants per day,numeric,EUR,Europe,Country,MNE,Montenegro,Year,2018,false,,,,,,,,,,,,,27.11,,,,,,27.11,,,EN,2024-09-17T20:30:00.000Z
GLASSAMC_TC,Total use of antibacterials expressed as DDD per 1000 inhabitants per day,numeric,EUR,Europe,Country,CYP,Cyprus,Year,2018,false,,,,,,,,,,,,,28.04,,,,,,28.04,,,EN,2024-09-17T20:30:00.000Z
GLASSAMC_TC,Total use of antibacterials expressed as DDD per 1000 inhabitants per day,numeric,EMR,Eastern Mediterranean,Country,JOR,Jordan,Year,2018,false,,,,,,,,,,,,,36.27,,,,,,36.27,,,EN,2024-09-17T20:30:00.000Z
GLASSAMC_TC,Total use of antibacterials expressed as DDD per 1000 inhabitants per day,numeric,EMR,Eastern Mediterranean,Country,TUN,Tunisia,Year,2018,false,,,,,,,,,,,,,36.6,,,,,,36.6,,For antibiotics: only J01 and P01AB reported,EN,2025-09-23T20:30:00.000Z
GLASSAMC_TC,Total use of antibacterials expressed as DDD per 1000 inhabitants per day,numeric,AFR,Africa,Country,TZA,United Republic of Tanzania,Year,2018,false,,,,,,,,,,,,,47.25,,,,,,47.25,,,EN,2025-09-23T20:30:00.000Z
GLASSAMC_TC,Total use of antibacterials expressed as DDD per 1000 inhabitants per day,numeric,SEAR,South-East Asia,Country,NPL,Nepal,Year,2018,false,,,,,,,,,,,,,48.15,,,,,,48.15,,,EN,2024-09-17T20:30:00.000Z
GLASSAMC_TC,Total use of antibacterials expressed as DDD per 1000 inhabitants per day,numeric,SEAR,South-East Asia,Country,TLS,Timor-Leste,Year,2018,false,,,,,,,,,,,,,6.57,,,,,,6.57,,,EN,2024-09-17T20:30:00.000Z
GLASSAMC_TC,Total use of antibacterials expressed as DDD per 1000 inhabitants per day,numeric,AFR,Africa,Country,KEN,Kenya,Year,2018,false,,,,,,,,,,,,,66.6,,,,,,66.6,,Data incomplete since not collected from all sources of data,EN,2024-09-17T20:30:00.000Z
GLASSAMC_TC,Total use of antibacterials expressed as DDD per 1000 inhabitants per day,numeric,EUR,Europe,Country,CHE,Switzerland,Year,2017,false,,,,,,,,,,,,,10.83,,,,,,10.83,,For antibiotics: only J01 and P01AB reported,EN,2025-09-23T20:30:00.000Z
GLASSAMC_TC,Total use of antibacterials expressed as DDD per 1000 inhabitants per day,numeric,EUR,Europe,Country,UKR,Ukraine,Year,2017,false,,,,,,,,,,,,,11.34,,,,,,11.34,,,EN,2025-09-23T20:30:00.000Z
GLASSAMC_TC,Total use of antibacterials expressed as DDD per 1000 inhabitants per day,numeric,EUR,Europe,Country,SWE,Sweden,Year,2017,false,,,,,,,,,,,,,11.8,,,,,,11.8,,,EN,2024-09-17T20:30:00.000Z
GLASSAMC_TC,Total use of antibacterials expressed as DDD per 1000 inhabitants per day,numeric,EUR,Europe,Country,EST,Estonia,Year,2017,false,,,,,,,,,,,,,11.82,,,,,,11.82,,,EN,2025-09-23T20:30:00.000Z
GLASSAMC_TC,Total use of antibacterials expressed as DDD per 1000 inhabitants per day,numeric,EUR,Europe,Country,AUT,Austria,Year,2017,false,,,,,,,,,,,,,11.99,,,,,,11.99,,Only use in the community reported,EN,2025-09-23T20:30:00.000Z
GLASSAMC_TC,Total use of antibacterials expressed as DDD per 1000 inhabitants per day,numeric,AFR,Africa,Country,TZA,United Republic of Tanzania,Year,2017,false,,,,,,,,,,,,,118.9,,,,,,118.93,,,EN,2025-09-23T20:30:00.000Z
GLASSAMC_TC,Total use of antibacterials expressed as DDD per 1000 inhabitants per day,numeric,EUR,Europe,Country,NOR,Norway,Year,2017,false,,,,,,,,,,,,,12.26,,,,,,12.26,,,EN,2025-09-23T20:30:00.000Z
GLASSAMC_TC,Total use of antibacterials expressed as DDD per 1000 inhabitants per day,numeric,EUR,Europe,Country,ARM,Armenia,Year,2017,false,,,,,,,,,,,,,12.39,,,,,,12.39,,,EN,2025-09-23T20:30:00.000Z
GLASSAMC_TC,Total use of antibacterials expressed as DDD per 1000 inhabitants per day,numeric,EUR,Europe,Country,DEU,Germany,Year,2017,false,,,,,,,,,,,,,12.56,,,,,,12.56,,Only use in the community reported,EN,2025-09-23T20:30:00.000Z
GLASSAMC_TC,Total use of antibacterials expressed as DDD per 1000 inhabitants per day,numeric,EUR,Europe,Country,SVN,Slovenia,Year,2017,false,,,,,,,,,,,,,13.24,,,,,,13.24,,,EN,2025-09-23T20:30:00.000Z
GLASSAMC_TC,Total use of antibacterials expressed as DDD per 1000 inhabitants per day,numeric,EUR,Europe,Country,LVA,Latvia,Year,2017,false,,,,,,,,,,,,,14.21,,,,,,14.21,,,EN,2025-09-23T20:30:00.000Z
GLASSAMC_TC,Total use of antibacterials expressed as DDD per 1000 inhabitants per day,numeric,EUR,Europe,Country,FIN,Finland,Year,2017,false,,,,,,,,,,,,,14.93,,,,,,14.93,,,EN,2025-09-23T20:30:00.000Z
GLASSAMC_TC,Total use of antibacterials expressed as DDD per 1000 inhabitants per day,numeric,EUR,Europe,Country,HUN,Hungary,Year,2017,false,,,,,,,,,,,,,15.13,,,,,,15.13,,,EN,2025-09-23T20:30:00.000Z
GLASSAMC_TC,Total use of antibacterials expressed as DDD per 1000 inhabitants per day,numeric,EUR,Europe,Country,RUS,Russian Federation,Year,2017,false,,,,,,,,,,,,,16.26,,,,,,16.26,,,EN,2024-09-17T20:30:00.000Z
GLASSAMC_TC,Total use of antibacterials expressed as DDD per 1000 inhabitants per day,numeric,EUR,Europe,Country,DNK,Denmark,Year,2017,false,,,,,,,,,,,,,16.31,,,,,,16.31,,,EN,2025-09-23T20:30:00.000Z
GLASSAMC_TC,Total use of antibacterials expressed as DDD per 1000 inhabitants per day,numeric,EUR,Europe,Country,TJK,Tajikistan,Year,2017,false,,,,,,,,,,,,,16.38,,,,,,16.38,,,EN,2024-09-17T20:30:00.000Z
GLASSAMC_TC,Total use of antibacterials expressed as DDD per 1000 inhabitants per day,numeric,EUR,Europe,Country,LTU,Lithuania,Year,2017,false,,,,,,,,,,,,,16.86,,,,,,16.86,,,EN,2025-09-23T20:30:00.000Z
GLASSAMC_TC,Total use of antibacterials expressed as DDD per 1000 inhabitants per day,numeric,EUR,Europe,Country,PRT,Portugal,Year,2017,false,,,,,,,,,,,,,18.25,,,,,,18.25,,,EN,2025-09-23T20:30:00.000Z
GLASSAMC_TC,Total use of antibacterials expressed as DDD per 1000 inhabitants per day,numeric,EUR,Europe,Country,GBR,United Kingdom of Great Britain and Northern Ireland,Year,2017,false,,,,,,,,,,,,,18.99,,,,,,18.99,,Only use in the public sector reported,EN,2025-09-23T20:30:00.000Z
GLASSAMC_TC,Total use of antibacterials expressed as DDD per 1000 inhabitants per day,numeric,AFR,Africa,Country,BFA,Burkina Faso,Year,2017,false,,,,,,,,,,,,,19.51,,,,,,19.51,,For antibiotics: only J01 reported,EN,2025-09-23T20:30:00.000Z
GLASSAMC_TC,Total use of antibacterials expressed as DDD per 1000 inhabitants per day,numeric,EUR,Europe,Country,HRV,Croatia,Year,2017,false,,,,,,,,,,,,,19.83,,,,,,19.83,,,EN,2025-09-23T20:30:00.000Z
GLASSAMC_TC,Total use of antibacterials expressed as DDD per 1000 inhabitants per day,numeric,EUR,Europe,Country,ISL,Iceland,Year,2017,false,,,,,,,,,,,,,20.05,,,,,,20.05,,,EN,2025-09-23T20:30:00.000Z
GLASSAMC_TC,Total use of antibacterials expressed as DDD per 1000 inhabitants per day,numeric,EUR,Europe,Country,BLR,Belarus,Year,2017,false,,,,,,,,,,,,,20.12,,,,,,20.12,,,EN,2024-09-17T20:30:00.000Z
GLASSAMC_TC,Total use of antibacterials expressed as DDD per 1000 inhabitants per day,numeric,EUR,Europe,Country,IRL,Ireland,Year,2017,false,,,,,,,,,,,,,20.86,,,,,,20.86,,,EN,2025-09-23T20:30:00.000Z
GLASSAMC_TC,Total use of antibacterials expressed as DDD per 1000 inhabitants per day,numeric,SEAR,South-East Asia,Country,BGD,Bangladesh,Year,2017,false,,,,,,,,,,,,,20.97,,,,,,20.97,,,EN,2024-09-17T20:30:00.000Z
GLASSAMC_TC,Total use of antibacterials expressed as DDD per 1000 inhabitants per day,numeric,EUR,Europe,Country,MLT,Malta,Year,2017,false,,,,,,,,,,,,,22.56,,,,,,22.56,,,EN,2025-09-23T20:30:00.000Z
GLASSAMC_TC,Total use of antibacterials expressed as DDD per 1000 inhabitants per day,numeric,EUR,Europe,Country,BEL,Belgium,Year,2017,false,,,,,,,,,,,,,22.89,,,,,,22.89,,,EN,2025-09-23T20:30:00.000Z
GLASSAMC_TC,Total use of antibacterials expressed as DDD per 1000 inhabitants per day,numeric,EUR,Europe,Country,ITA,Italy,Year,2017,false,,,,,,,,,,,,,22.95,,,,,,22.95,,,EN,2025-09-23T20:30:00.000Z
GLASSAMC_TC,Total use of antibacterials expressed as DDD per 1000 inhabitants per day,numeric,EUR,Europe,Country,FRA,France,Year,2017,false,,,,,,,,,,,,,24.88,,,,,,24.88,,For antibiotics: only J01 and P01AB reported,EN,2025-09-23T20:30:00.000Z
GLASSAMC_TC,Total use of antibacterials expressed as DDD per 1000 inhabitants per day,numeric,EUR,Europe,Country,GEO,Georgia,Year,2017,false,,,,,,,,,,,,,25.06,,,,,,25.06,,,EN,2024-09-17T20:30:00.000Z
GLASSAMC_TC,Total use of antibacterials expressed as DDD per 1000 inhabitants per day,numeric,EUR,Europe,Country,ROU,Romania,Year,2017,false,,,,,,,,,,,,,25.37,,,,,,25.37,,,EN,2025-09-23T20:30:00.000Z
GLASSAMC_TC,Total use of antibacterials expressed as DDD per 1000 inhabitants per day,numeric,EUR,Europe,Country,POL,Poland,Year,2017,false,,,,,,,,,,,,,25.61,,,,,,25.61,,,EN,2025-09-23T20:30:00.000Z
GLASSAMC_TC,Total use of antibacterials expressed as DDD per 1000 inhabitants per day,numeric,EUR,Europe,Country,ESP,Spain,Year,2017,false,,,,,,,,,,,,,27.11,,,,,,27.11,,,EN,2025-09-23T20:30:00.000Z
GLASSAMC_TC,Total use of antibacterials expressed as DDD per 1000 inhabitants per day,numeric,EUR,Europe,Country,MNE,Montenegro,Year,2017,false,,,,,,,,,,,,,27.21,,,,,,27.21,,,EN,2024-09-17T20:30:00.000Z
GLASSAMC_TC,Total use of antibacterials expressed as DDD per 1000 inhabitants per day,numeric,AFR,Africa,Country,BEN,Benin,Year,2017,false,,,,,,,,,,,,,27.37,,,,,,27.37,,,EN,2024-09-17T20:30:00.000Z
GLASSAMC_TC,Total use of antibacterials expressed as DDD per 1000 inhabitants per day,numeric,EUR,Europe,Country,CYP,Cyprus,Year,2017,false,,,,,,,,,,,,,29.31,,,,,,29.31,,,EN,2024-09-17T20:30:00.000Z
GLASSAMC_TC,Total use of antibacterials expressed as DDD per 1000 inhabitants per day,numeric,SEAR,South-East Asia,Country,MDV,Maldives,Year,2017,false,,,,,,,,,,,,,29.93,,,,,,29.93,,,EN,2025-09-23T20:30:00.000Z
GLASSAMC_TC,Total use of antibacterials expressed as DDD per 1000 inhabitants per day,numeric,EMR,Eastern Mediterranean,Country,TUN,Tunisia,Year,2017,false,,,,,,,,,,,,,33.72,,,,,,33.72,,For antibiotics: only J01 and P01AB reported,EN,2025-09-23T20:30:00.000Z
GLASSAMC_TC,Total use of antibacterials expressed as DDD per 1000 inhabitants per day,numeric,EMR,Eastern Mediterranean,Country,JOR,Jordan,Year,2017,false,,,,,,,,,,,,,43.38,,,,,,43.38,,,EN,2024-09-17T20:30:00.000Z
GLASSAMC_TC,Total use of antibacterials expressed as DDD per 1000 inhabitants per day,numeric,SEAR,South-East Asia,Country,NPL,Nepal,Year,2017,false,,,,,,,,,,,,,50.51,,,,,,50.51,,,EN,2024-09-17T20:30:00.000Z
GLASSAMC_TC,Total use of antibacterials expressed as DDD per 1000 inhabitants per day,numeric,AFR,Africa,Country,MLI,Mali,Year,2017,false,,,,,,,,,,,,,6.71,,,,,,6.71,,,EN,2024-09-17T20:30:00.000Z
GLASSAMC_TC,Total use of antibacterials expressed as DDD per 1000 inhabitants per day,numeric,SEAR,South-East Asia,Country,TLS,Timor-Leste,Year,2017,false,,,,,,,,,,,,,8.02,,,,,,8.02,,,EN,2024-09-17T20:30:00.000Z
GLASSAMC_TC,Total use of antibacterials expressed as DDD per 1000 inhabitants per day,numeric,EUR,Europe,Country,CHE,Switzerland,Year,2016,false,,,,,,,,,,,,,11.23,,,,,,11.23,,For antibiotics: only J01 and P01AB reported,EN,2025-09-23T20:30:00.000Z
GLASSAMC_TC,Total use of antibacterials expressed as DDD per 1000 inhabitants per day,numeric,EUR,Europe,Country,AUT,Austria,Year,2016,false,,,,,,,,,,,,,11.47,,,,,,11.47,,Only use in the community reported,EN,2025-09-23T20:30:00.000Z
GLASSAMC_TC,Total use of antibacterials expressed as DDD per 1000 inhabitants per day,numeric,EUR,Europe,Country,EST,Estonia,Year,2016,false,,,,,,,,,,,,,11.71,,,,,,11.71,,,EN,2025-09-23T20:30:00.000Z
GLASSAMC_TC,Total use of antibacterials expressed as DDD per 1000 inhabitants per day,numeric,EUR,Europe,Country,SWE,Sweden,Year,2016,false,,,,,,,,,,,,,12.17,,,,,,12.17,,,EN,2024-09-17T20:30:00.000Z
GLASSAMC_TC,Total use of antibacterials expressed as DDD per 1000 inhabitants per day,numeric,EUR,Europe,Country,NOR,Norway,Year,2016,false,,,,,,,,,,,,,12.81,,,,,,12.81,,,EN,2025-09-23T20:30:00.000Z
GLASSAMC_TC,Total use of antibacterials expressed as DDD per 1000 inhabitants per day,numeric,EUR,Europe,Country,DEU,Germany,Year,2016,false,,,,,,,,,,,,,12.85,,,,,,12.85,,Only use in the community reported,EN,2025-09-23T20:30:00.000Z
GLASSAMC_TC,Total use of antibacterials expressed as DDD per 1000 inhabitants per day,numeric,EUR,Europe,Country,SVN,Slovenia,Year,2016,false,,,,,,,,,,,,,13.1,,,,,,13.1,,,EN,2025-09-23T20:30:00.000Z
GLASSAMC_TC,Total use of antibacterials expressed as DDD per 1000 inhabitants per day,numeric,EUR,Europe,Country,LVA,Latvia,Year,2016,false,,,,,,,,,,,,,13.64,,,,,,13.64,,,EN,2025-09-23T20:30:00.000Z
GLASSAMC_TC,Total use of antibacterials expressed as DDD per 1000 inhabitants per day,numeric,EUR,Europe,Country,HUN,Hungary,Year,2016,false,,,,,,,,,,,,,14.96,,,,,,14.96,,,EN,2025-09-23T20:30:00.000Z
GLASSAMC_TC,Total use of antibacterials expressed as DDD per 1000 inhabitants per day,numeric,EUR,Europe,Country,RUS,Russian Federation,Year,2016,false,,,,,,,,,,,,,15.55,,,,,,15.55,,,EN,2024-09-17T20:30:00.000Z
GLASSAMC_TC,Total use of antibacterials expressed as DDD per 1000 inhabitants per day,numeric,EUR,Europe,Country,FIN,Finland,Year,2016,false,,,,,,,,,,,,,16.42,,,,,,16.42,,,EN,2025-09-23T20:30:00.000Z
GLASSAMC_TC,Total use of antibacterials expressed as DDD per 1000 inhabitants per day,numeric,EUR,Europe,Country,LTU,Lithuania,Year,2016,false,,,,,,,,,,,,,16.73,,,,,,16.73,,,EN,2025-09-23T20:30:00.000Z
GLASSAMC_TC,Total use of antibacterials expressed as DDD per 1000 inhabitants per day,numeric,EUR,Europe,Country,DNK,Denmark,Year,2016,false,,,,,,,,,,,,,17.08,,,,,,17.08,,,EN,2025-09-23T20:30:00.000Z
GLASSAMC_TC,Total use of antibacterials expressed as DDD per 1000 inhabitants per day,numeric,EUR,Europe,Country,BLR,Belarus,Year,2016,false,,,,,,,,,,,,,17.13,,,,,,17.13,,,EN,2024-09-17T20:30:00.000Z
GLASSAMC_TC,Total use of antibacterials expressed as DDD per 1000 inhabitants per day,numeric,EUR,Europe,Country,ISL,Iceland,Year,2016,false,,,,,,,,,,,,,18.07,,,,,,18.07,,Only use in the community reported,EN,2025-09-23T20:30:00.000Z
GLASSAMC_TC,Total use of antibacterials expressed as DDD per 1000 inhabitants per day,numeric,EUR,Europe,Country,PRT,Portugal,Year,2016,false,,,,,,,,,,,,,18.87,,,,,,18.87,,,EN,2025-09-23T20:30:00.000Z
GLASSAMC_TC,Total use of antibacterials expressed as DDD per 1000 inhabitants per day,numeric,EUR,Europe,Country,HRV,Croatia,Year,2016,false,,,,,,,,,,,,,19.68,,,,,,19.68,,,EN,2025-09-23T20:30:00.000Z
GLASSAMC_TC,Total use of antibacterials expressed as DDD per 1000 inhabitants per day,numeric,EUR,Europe,Country,MLT,Malta,Year,2016,false,,,,,,,,,,,,,20.96,,,,,,20.96,,,EN,2025-09-23T20:30:00.000Z
GLASSAMC_TC,Total use of antibacterials expressed as DDD per 1000 inhabitants per day,numeric,EUR,Europe,Country,TJK,Tajikistan,Year,2016,false,,,,,,,,,,,,,21.02,,,,,,21.02,,,EN,2024-09-17T20:30:00.000Z
GLASSAMC_TC,Total use of antibacterials expressed as DDD per 1000 inhabitants per day,numeric,AFR,Africa,Country,BEN,Benin,Year,2016,false,,,,,,,,,,,,,21.93,,,,,,21.93,,,EN,2024-09-17T20:30:00.000Z
GLASSAMC_TC,Total use of antibacterials expressed as DDD per 1000 inhabitants per day,numeric,EUR,Europe,Country,IRL,Ireland,Year,2016,false,,,,,,,,,,,,,21.93,,,,,,21.93,,,EN,2025-09-23T20:30:00.000Z
GLASSAMC_TC,Total use of antibacterials expressed as DDD per 1000 inhabitants per day,numeric,EUR,Europe,Country,POL,Poland,Year,2016,false,,,,,,,,,,,,,22,,,,,,22,,,EN,2025-09-23T20:30:00.000Z
GLASSAMC_TC,Total use of antibacterials expressed as DDD per 1000 inhabitants per day,numeric,EUR,Europe,Country,GEO,Georgia,Year,2016,false,,,,,,,,,,,,,22.37,,,,,,22.37,,,EN,2024-09-17T20:30:00.000Z
GLASSAMC_TC,Total use of antibacterials expressed as DDD per 1000 inhabitants per day,numeric,SEAR,South-East Asia,Country,BGD,Bangladesh,Year,2016,false,,,,,,,,,,,,,23.81,,,,,,23.81,,,EN,2024-09-17T20:30:00.000Z
GLASSAMC_TC,Total use of antibacterials expressed as DDD per 1000 inhabitants per day,numeric,EUR,Europe,Country,BEL,Belgium,Year,2016,false,,,,,,,,,,,,,24.31,,,,,,24.31,,,EN,2025-09-23T20:30:00.000Z
GLASSAMC_TC,Total use of antibacterials expressed as DDD per 1000 inhabitants per day,numeric,EUR,Europe,Country,ROU,Romania,Year,2016,false,,,,,,,,,,,,,25.2,,,,,,25.2,,,EN,2025-09-23T20:30:00.000Z
GLASSAMC_TC,Total use of antibacterials expressed as DDD per 1000 inhabitants per day,numeric,EUR,Europe,Country,FRA,France,Year,2016,false,,,,,,,,,,,,,25.81,,,,,,25.81,,For antibiotics: only J01 and P01AB reported,EN,2025-09-23T20:30:00.000Z
GLASSAMC_TC,Total use of antibacterials expressed as DDD per 1000 inhabitants per day,numeric,EUR,Europe,Country,ITA,Italy,Year,2016,false,,,,,,,,,,,,,26.26,,,,,,26.26,,,EN,2025-09-23T20:30:00.000Z
GLASSAMC_TC,Total use of antibacterials expressed as DDD per 1000 inhabitants per day,numeric,EUR,Europe,Country,ESP,Spain,Year,2016,false,,,,,,,,,,,,,27.74,,,,,,27.74,,,EN,2025-09-23T20:30:00.000Z
GLASSAMC_TC,Total use of antibacterials expressed as DDD per 1000 inhabitants per day,numeric,EUR,Europe,Country,CYP,Cyprus,Year,2016,false,,,,,,,,,,,,,28.82,,,,,,28.82,,,EN,2024-09-17T20:30:00.000Z
GLASSAMC_TC,Total use of antibacterials expressed as DDD per 1000 inhabitants per day,numeric,EUR,Europe,Country,MNE,Montenegro,Year,2016,false,,,,,,,,,,,,,28.93,,,,,,28.93,,,EN,2024-09-17T20:30:00.000Z
GLASSAMC_TC,Total use of antibacterials expressed as DDD per 1000 inhabitants per day,numeric,EMR,Eastern Mediterranean,Country,TUN,Tunisia,Year,2016,false,,,,,,,,,,,,,31.17,,,,,,31.17,,For antibiotics: only J01 and P01AB reported,EN,2025-09-23T20:30:00.000Z
GLASSAMC_TC,Total use of antibacterials expressed as DDD per 1000 inhabitants per day,numeric,SEAR,South-East Asia,Country,NPL,Nepal,Year,2016,false,,,,,,,,,,,,,40.51,,,,,,40.51,,,EN,2024-09-17T20:30:00.000Z
GLASSAMC_TC,Total use of antibacterials expressed as DDD per 1000 inhabitants per day,numeric,SEAR,South-East Asia,Country,TLS,Timor-Leste,Year,2016,false,,,,,,,,,,,,,6.77,,,,,,6.77,,,EN,2024-09-17T20:30:00.000Z
GLASSAMC_TC,Total use of antibacterials expressed as DDD per 1000 inhabitants per day,numeric,EUR,Europe,Country,UKR,Ukraine,Year,2016,false,,,,,,,,,,,,,8.72,,,,,,8.72,,,EN,2025-09-23T20:30:00.000Z
GLASSAMC_TC,Total use of antibacterials expressed as DDD per 1000 inhabitants per day,numeric,EUR,Europe,Country,ARM,Armenia,Year,2016,false,,,,,,,,,,,,,9.66,,,,,,9.66,,,EN,2025-09-23T20:30:00.000Z
